ID,# pos actors,# neg actors,# actors,# pos genres,# neg_genres,# genres,# pos movies,# neg movies,# movies,# pos keywords,# neg keywords,# keywords
10gvsh,0,0,0,0,0,0,1,1,2,2,1,3
10tqw6,0,0,0,0,0,0,1,1,2,7,1,8
10u1ce,0,0,0,2,0,2,7,1,8,1,1,2
1106mj,0,0,0,0,0,0,2,1,3,2,1,3
11fhdf,0,0,0,0,1,1,1,1,2,3,1,4
11h2xa,0,0,0,0,0,0,4,1,5,1,1,2
11ms2h,0,0,0,1,0,1,1,1,2,18,1,19
11nniy,0,0,0,0,0,0,1,1,2,3,1,4
11oxif,0,0,0,0,0,0,1,1,2,1,1,2
11prhd,0,0,0,0,0,0,5,1,6,1,1,2
11tltq,0,0,0,0,0,0,3,1,4,9,1,10
11ycep,0,0,0,0,0,0,1,1,2,1,1,2
11zedd,0,0,0,0,0,0,5,1,6,1,1,2
120ww0,0,0,0,0,0,0,5,1,6,1,1,2
124iqq,1,0,1,2,0,2,5,1,6,11,1,12
126xej,0,0,0,0,0,0,4,1,5,2,1,3
128z5l,0,0,0,0,0,0,1,1,2,4,1,5
12aufe,0,0,0,0,0,0,2,1,3,1,1,2
12ifq2,0,0,0,1,0,1,3,1,4,5,1,6
12j985,0,0,0,0,0,0,11,1,12,1,1,2
12ko6p,0,0,0,0,0,0,1,1,2,2,1,3
12r9wx,0,0,0,0,0,0,1,1,2,4,1,5
12rll1,0,0,0,0,0,0,1,1,2,1,1,2
12sy3w,1,0,1,0,0,0,3,1,4,4,1,5
12uukn,0,0,0,0,0,0,1,24,25,2,2,4
12xb6d,1,0,1,1,0,1,2,1,3,1,1,2
1300ha,0,0,0,0,0,0,1,1,2,3,1,4
131xox,0,0,0,2,0,2,3,1,4,2,1,3
139jol,0,0,0,0,0,0,3,1,4,3,1,4
13dwdh,0,0,0,0,0,0,1,1,2,1,1,2
13f82g,0,0,0,0,0,0,2,1,3,1,1,2
13imzy,0,0,0,0,0,0,2,1,3,3,1,4
13k6hq,0,0,0,0,0,0,1,1,2,1,2,3
13lq00,0,0,0,0,0,0,2,1,3,1,1,2
13nmxq,0,0,0,0,0,0,2,1,3,6,1,7
13pgkr,0,0,0,0,0,0,3,1,4,1,1,2
13r0i5,0,0,0,0,0,0,9,1,10,2,1,3
13tzuy,0,0,0,1,0,1,1,1,2,1,1,2
146t6w,0,0,0,0,0,0,4,1,5,2,1,3
146xkz,0,0,0,0,0,0,5,1,6,6,1,7
14dkum,0,0,0,0,0,0,1,1,2,1,1,2
14dxz5,0,0,0,0,0,0,1,1,2,3,1,4
14juuu,0,0,0,0,0,0,7,1,8,1,1,2
14lj6b,0,0,0,0,0,0,1,1,2,3,1,4
14mvy4,0,0,0,0,0,0,1,1,2,6,1,7
14phad,0,0,0,0,0,0,5,1,6,8,1,9
14ppwv,0,0,0,0,0,0,4,1,5,2,1,3
14z0qf,0,0,0,0,0,0,1,1,2,1,1,2
15496r,0,0,0,0,0,0,4,1,5,2,2,4
154vma,0,0,0,2,0,2,9,1,10,2,1,3
15a1hq,0,0,0,0,0,0,1,1,2,4,1,5
15f0uv,0,0,0,0,0,0,3,1,4,3,1,4
15hq2y,0,0,0,1,0,1,1,1,2,2,1,3
15jhgt,0,0,0,0,0,0,1,1,2,5,1,6
15luqp,0,0,0,0,0,0,1,1,2,1,1,2
15o7tb,0,0,0,0,0,0,3,1,4,3,1,4
15ux8p,0,0,0,1,0,1,2,1,3,1,1,2
160238,0,0,0,0,0,0,5,1,6,1,1,2
160dlt,0,0,0,0,0,0,6,1,7,1,1,2
161zq6,0,0,0,0,0,0,17,1,18,3,1,4
1649re,0,0,0,2,0,2,2,1,3,4,1,5
166itb,0,0,0,0,0,0,5,1,6,3,1,4
169x2g,0,0,0,0,0,0,10,1,11,3,1,4
16gpd4,0,0,0,0,0,0,1,1,2,2,1,3
16ivx9,0,0,0,0,0,0,1,1,2,1,1,2
16tcbr,0,0,0,0,0,0,4,1,5,4,1,5
16vsy1,0,0,0,1,0,1,3,1,4,1,1,2
16whfb,0,0,0,2,0,2,1,1,2,5,1,6
16yxw8,0,0,0,0,0,0,5,1,6,4,1,5
17420e,0,0,0,3,0,3,2,1,3,4,1,5
17c42t,0,0,0,0,0,0,2,1,3,4,1,5
17s9ku,0,0,0,0,1,1,2,1,3,6,1,7
17x0il,0,0,0,0,0,0,3,1,4,13,1,14
182uxg,0,0,0,0,0,0,4,1,5,4,1,5
18597c,0,0,0,0,0,0,3,1,4,2,1,3
189hxi,0,0,0,1,0,1,3,1,4,4,1,5
189ogg,0,0,0,0,0,0,4,1,5,4,1,5
18e1x1,0,0,0,1,0,1,1,1,2,2,1,3
18koev,0,0,0,0,0,0,1,1,2,1,1,2
18nm24,0,0,0,0,0,0,1,1,2,7,1,8
18pmcm,1,0,1,0,0,0,2,1,3,1,1,2
18xsis,0,0,0,1,0,1,3,1,4,2,1,3
18z6p4,0,0,0,2,0,2,6,1,7,11,1,12
190iq3,0,0,0,0,0,0,1,1,2,8,1,9
193azj,0,0,0,0,0,0,2,1,3,4,1,5
194b05,0,0,0,0,0,0,3,1,4,3,1,4
194zc7,0,0,0,0,0,0,1,1,2,1,1,2
197uzl,0,0,0,0,0,0,1,1,2,1,1,2
19ctcs,0,0,0,0,0,0,5,1,6,1,1,2
19g4gy,0,0,0,1,0,1,5,1,6,2,1,3
19gqi1,0,0,0,0,0,0,3,1,4,3,1,4
19ixrk,0,0,0,0,0,0,2,1,3,1,1,2
19mn54,0,0,0,1,0,1,2,1,3,5,1,6
19nxqz,0,0,0,0,0,0,3,1,4,6,1,7
19obb1,0,0,0,0,0,0,10,1,11,3,1,4
19ojkl,0,0,0,1,0,1,1,1,2,7,1,8
19v16n,0,0,0,0,0,0,4,1,5,1,1,2
19wk7h,0,0,0,1,0,1,1,1,2,2,3,5
1a2zau,0,0,0,0,0,0,1,1,2,3,1,4
1a3otv,0,0,0,2,0,2,1,1,2,5,1,6
1ac42l,0,0,0,0,0,0,1,1,2,3,1,4
1acn0u,0,0,0,1,0,1,2,1,3,1,1,2
1ag7r7,1,0,1,0,0,0,1,1,2,1,1,2
1ag9d9,0,0,0,0,0,0,1,1,2,1,1,2
1aiaj8,0,0,0,1,0,1,3,1,4,1,1,2
1alxmo,0,0,0,0,0,0,1,1,2,2,1,3
1an2j2,0,0,0,0,0,0,1,1,2,1,1,2
1aqsq4,0,0,0,0,0,0,1,1,2,1,1,2
1asnr5,1,0,1,0,0,0,4,1,5,1,1,2
1at6f6,0,0,0,0,0,0,1,1,2,2,1,3
1axa14,0,0,0,0,0,0,4,1,5,3,1,4
1aypmu,0,0,0,1,0,1,1,1,2,2,1,3
1b35jt,1,0,1,0,0,0,5,1,6,1,1,2
1bhqgl,0,0,0,0,0,0,27,1,28,4,1,5
1bqea4,0,0,0,0,0,0,7,1,8,3,1,4
1brt24,0,0,0,0,0,0,1,1,2,1,1,2
1bvzck,0,0,0,1,0,1,4,1,5,1,1,2
1c0imi,0,0,0,1,0,1,5,1,6,1,1,2
1cf2zt,0,0,0,0,0,0,2,1,3,5,1,6
1cg947,0,0,0,0,0,0,1,1,2,3,1,4
1cigth,0,0,0,1,0,1,3,1,4,2,1,3
1cs0yy,0,0,0,0,0,0,1,1,2,1,1,2
1csb8n,0,0,0,0,0,0,11,1,12,6,1,7
1cu241,0,0,0,1,0,1,5,1,6,4,1,5
1d8c1j,0,0,0,0,0,0,1,1,2,2,1,3
1d9mc8,0,0,0,0,0,0,1,1,2,2,1,3
1dgeip,0,0,0,2,0,2,10,1,11,4,1,5
1dj0z0,0,0,0,1,0,1,3,1,4,1,1,2
1dkavr,0,0,0,1,0,1,2,1,3,4,1,5
1dlszs,0,0,0,0,0,0,1,1,2,6,1,7
1dlxdp,0,0,0,0,1,1,3,1,4,2,1,3
1e0tip,0,0,0,1,0,1,3,1,4,1,1,2
1e1xne,0,0,0,0,0,0,9,1,10,3,1,4
1e7pqu,0,0,0,0,0,0,2,1,3,3,1,4
1ef39n,0,0,0,0,0,0,2,1,3,7,1,8
1ena7u,0,0,0,0,0,0,2,1,3,1,1,2
1er68i,0,0,0,0,0,0,1,1,2,12,1,13
1ewp5l,0,0,0,0,0,0,2,1,3,2,1,3
1f0qpc,0,0,0,2,0,2,4,1,5,5,1,6
1f155z,0,0,0,2,0,2,5,1,6,1,1,2
1f31nb,0,0,0,0,0,0,3,1,4,7,1,8
1f4tkr,0,0,0,0,0,0,1,1,2,2,1,3
1f62qm,0,0,0,0,0,0,1,1,2,1,1,2
1f8rsz,0,0,0,0,0,0,1,1,2,1,1,2
1fd9tx,0,0,0,1,0,1,8,1,9,4,1,5
1fg4al,0,0,0,0,0,0,1,1,2,3,1,4
1firy4,0,0,0,0,0,0,2,1,3,1,1,2
1fjg99,0,0,0,0,0,0,10,1,11,3,1,4
1fjxwe,0,0,0,3,0,3,1,1,2,3,1,4
1ftxhw,0,0,0,0,0,0,1,1,2,1,1,2
1fvh6o,0,0,0,0,0,0,1,1,2,1,1,2
1fw71d,0,0,0,1,0,1,2,4,6,1,1,2
1fyrwj,0,0,0,0,0,0,1,1,2,1,1,2
1g0al8,0,0,0,0,0,0,1,1,2,4,2,6
1g5ave,0,0,0,1,0,1,4,1,5,3,1,4
1g6ljq,0,0,0,0,0,0,4,1,5,3,1,4
1gvd19,0,0,0,1,0,1,1,1,2,1,1,2
1gw5cx,0,0,0,0,0,0,3,1,4,3,1,4
1h289b,0,0,0,1,0,1,3,1,4,1,1,2
1h5mz9,0,0,0,1,0,1,2,1,3,2,1,3
1hbgv1,0,0,0,0,0,0,5,1,6,1,1,2
1hlvy4,0,0,0,0,0,0,2,1,3,2,1,3
1hptrq,0,0,0,0,0,0,2,1,3,3,1,4
1hqgie,0,0,0,1,0,1,2,1,3,1,1,2
1hryua,0,0,0,0,0,0,3,1,4,2,1,3
1hs7b5,1,0,1,1,0,1,6,1,7,4,1,5
1hy5fq,0,0,0,0,0,0,1,1,2,1,1,2
1i221z,0,0,0,0,0,0,3,1,4,3,1,4
1i2xx7,0,0,0,0,0,0,6,1,7,1,1,2
1i9dkg,0,0,0,1,0,1,2,1,3,1,1,2
1i9ukm,0,0,0,0,0,0,2,1,3,2,1,3
1iegho,0,0,0,0,0,0,1,1,2,5,2,7
1ifemq,0,0,0,0,0,0,2,1,3,4,1,5
1ijo7s,0,0,0,0,0,0,3,1,4,2,1,3
1ik1e7,0,0,0,0,0,0,1,1,2,1,1,2
1is1tx,0,0,0,0,0,0,3,1,4,4,4,8
1itwf9,0,0,0,0,0,0,3,1,4,4,1,5
1iv1pb,0,0,0,0,0,0,3,1,4,4,1,5
1ixfkn,0,0,0,0,0,0,1,1,2,4,1,5
1j2zcy,0,0,0,1,0,1,5,1,6,1,1,2
1jd8nh,0,0,0,0,0,0,1,1,2,1,1,2
1jh4nv,0,0,0,0,0,0,4,1,5,1,1,2
1jml1h,0,0,0,0,0,0,7,1,8,3,1,4
1jojay,0,0,0,0,0,0,3,1,4,6,1,7
1jugfc,0,0,0,3,0,3,1,1,2,16,1,17
1jyreo,1,0,1,0,0,0,3,1,4,8,1,9
1jzveo,0,0,0,0,0,0,10,1,11,1,1,2
1k1okd,0,0,0,0,0,0,2,1,3,2,1,3
1k9zzb,0,0,0,0,1,1,2,1,3,1,1,2
1kh7ru,0,0,0,0,0,0,2,1,3,5,1,6
1kibcw,0,0,0,1,0,1,5,1,6,1,1,2
1kv96m,0,0,0,1,0,1,3,1,4,2,1,3
1kwoh5,0,0,0,1,0,1,2,1,3,1,1,2
1l0rh6,0,0,0,0,0,0,3,1,4,1,1,2
1l2dao,0,0,0,0,1,1,4,1,5,6,1,7
1l5fer,0,0,0,2,0,2,14,1,15,6,1,7
1l6bc3,0,0,0,0,0,0,2,1,3,1,1,2
1ldx9x,0,0,0,0,0,0,3,1,4,1,1,2
1lfssn,0,0,0,0,0,0,7,1,8,1,1,2
1lgnyz,0,0,0,0,0,0,2,1,3,3,1,4
1llv27,0,0,0,0,0,0,1,1,2,1,1,2
1lmu86,0,0,0,0,0,0,1,1,2,4,1,5
1lpbvk,0,0,0,0,0,0,6,1,7,1,1,2
1lvna4,0,0,0,0,0,0,6,1,7,2,1,3
1lzzfo,0,0,0,0,0,0,4,1,5,2,1,3
1m46oj,0,0,0,0,0,0,3,1,4,1,1,2
1m59uh,0,0,0,0,0,0,5,1,6,6,1,7
1m7ku7,0,0,0,0,0,0,1,1,2,3,1,4
1mcm9r,0,0,0,0,0,0,1,1,2,6,1,7
1muw8n,0,0,0,0,0,0,3,1,4,1,1,2
1n3f8z,0,0,0,0,0,0,3,1,4,4,1,5
1n87wl,0,0,0,0,0,0,10,1,11,1,1,2
1ncc1o,0,0,0,0,0,0,4,1,5,4,1,5
1ncmr7,0,0,0,0,0,0,3,1,4,2,1,3
1ne71q,0,0,0,0,0,0,9,1,10,2,1,3
1nr15b,0,0,0,1,0,1,3,1,4,1,1,2
1o2xay,0,0,0,2,0,2,1,1,2,5,1,6
1o4iee,0,0,0,0,0,0,5,1,6,4,1,5
1odp2k,0,0,0,0,0,0,1,1,2,1,1,2
1oh74t,0,0,0,1,0,1,6,1,7,1,1,2
1ohj06,0,0,0,0,0,0,2,1,3,6,1,7
1os3gx,0,0,0,1,0,1,3,1,4,4,1,5
1ot95p,0,0,0,1,0,1,1,1,2,1,5,6
1oudcf,0,0,0,0,0,0,2,1,3,1,1,2
1p21sn,1,0,1,0,0,0,1,1,2,6,1,7
1p3k6e,1,0,1,0,0,0,1,1,2,3,1,4
1p3yfw,0,0,0,0,0,0,6,1,7,2,1,3
1paggx,0,0,0,0,0,0,11,1,12,2,1,3
1pakg8,0,0,0,0,0,0,2,1,3,1,1,2
1paxt8,0,0,0,0,0,0,2,1,3,5,1,6
1pcdes,0,0,0,0,0,0,1,1,2,3,1,4
1pdij4,0,0,0,0,0,0,1,1,2,1,1,2
1pplad,0,0,0,0,0,0,1,1,2,3,1,4
1pq980,0,0,0,3,0,3,3,1,4,2,1,3
1prebf,0,0,0,2,0,2,2,1,3,1,1,2
1prp8o,0,0,0,0,0,0,4,1,5,9,1,10
1prxqm,0,0,0,0,0,0,2,1,3,4,1,5
1psm9k,0,0,0,1,0,1,2,1,3,1,1,2
1psnvs,0,0,0,0,0,0,2,1,3,1,1,2
1pst71,0,0,0,0,0,0,8,1,9,5,3,8
1psyru,0,0,0,1,0,1,2,1,3,1,1,2
1pusm1,0,0,0,0,0,0,3,1,4,1,1,2
1pws98,0,0,0,1,0,1,5,1,6,2,1,3
1q5df6,0,0,0,0,0,0,1,1,2,7,1,8
1q9uk3,0,0,0,0,0,0,1,1,2,1,1,2
1qajlt,0,0,0,1,0,1,1,1,2,1,1,2
1qamd8,0,0,0,0,0,0,1,1,2,4,1,5
1qanap,1,0,1,0,0,0,4,1,5,2,1,3
1qar3q,0,0,0,0,0,0,2,1,3,4,1,5
1qqzdx,0,0,0,1,0,1,3,1,4,5,1,6
1quuzo,0,0,0,0,0,0,3,1,4,3,1,4
1r6ft3,0,0,0,0,0,0,5,1,6,6,1,7
1r7hdy,0,0,0,0,0,0,2,1,3,2,1,3
1rjpjz,0,0,0,1,0,1,7,1,8,1,1,2
1rjtbb,0,0,0,0,0,0,1,1,2,6,1,7
1rt5w0,0,0,0,1,0,1,2,1,3,1,1,2
1rv3yq,0,0,0,0,0,0,9,1,10,6,1,7
1s0njs,0,0,0,0,0,0,2,2,4,3,1,4
1s2652,0,0,0,0,0,0,2,1,3,6,1,7
1s3o0i,0,0,0,0,0,0,3,1,4,1,1,2
1sa06l,0,0,0,0,0,0,4,1,5,4,1,5
1se33p,0,0,0,0,0,0,3,1,4,4,1,5
1sh9jw,0,0,0,1,0,1,2,1,3,2,1,3
1smv08,0,0,0,0,0,0,36,6,42,1,1,2
1svmxs,0,0,0,1,0,1,3,1,4,1,1,2
1szd0o,0,0,0,0,0,0,3,1,4,4,1,5
1t074y,0,0,0,1,1,2,2,1,3,1,4,5
1t4589,0,0,0,2,0,2,5,1,6,4,1,5
1tbbeg,0,0,0,0,0,0,1,1,2,1,1,2
1tfhbo,0,0,0,0,0,0,12,1,13,1,1,2
1tiymz,0,0,0,0,0,0,1,1,2,2,1,3
1tkhow,0,0,0,0,0,0,2,1,3,1,1,2
1to2tk,0,0,0,2,0,2,6,1,7,1,1,2
1tp9g3,0,0,0,0,0,0,3,1,4,4,1,5
1tspui,0,0,0,0,0,0,3,1,4,5,1,6
1tt1vz,0,0,0,1,0,1,3,1,4,4,1,5
1tw107,0,0,0,0,0,0,2,1,3,3,1,4
1u0asu,0,0,0,1,0,1,1,1,2,1,1,2
1u2rei,0,0,0,0,0,0,2,1,3,2,1,3
1u3yad,0,0,0,0,0,0,1,1,2,2,1,3
1u70fq,0,0,0,0,0,0,3,1,4,1,1,2
1u781b,0,0,0,2,0,2,5,1,6,1,1,2
1u7upx,0,0,0,0,0,0,1,1,2,1,1,2
1u8bk7,0,0,0,0,0,0,3,1,4,1,1,2
1u9ziu,0,0,0,1,0,1,4,1,5,1,1,2
1ugsqi,0,0,0,0,0,0,1,1,2,1,1,2
1uhd9b,0,0,0,0,0,0,3,1,4,2,1,3
1uhu1g,0,0,0,0,0,0,2,1,3,2,1,3
1uiu4j,0,0,0,0,0,0,3,1,4,2,1,3
1uk1wu,0,0,0,2,0,2,5,1,6,1,1,2
1ukfo2,0,0,0,0,0,0,2,1,3,2,3,5
1uqqbi,0,0,0,0,0,0,9,1,10,6,1,7
1ush5m,0,0,0,0,0,0,2,1,3,6,1,7
1uw2r1,0,0,0,2,1,3,3,1,4,1,1,2
1uxl3x,0,0,0,0,0,0,2,1,3,5,1,6
1v0aho,0,0,0,0,0,0,12,1,13,2,1,3
1v34ha,0,0,0,0,0,0,3,1,4,3,1,4
1v5py5,0,0,0,1,0,1,9,1,10,2,1,3
1v9ei3,0,0,0,0,0,0,1,1,2,5,1,6
1vdipb,1,0,1,0,0,0,1,1,2,6,1,7
1vdtqq,0,0,0,2,0,2,31,1,32,3,1,4
1vgkf6,0,0,0,3,0,3,3,1,4,13,1,14
1vmsun,0,0,0,0,0,0,4,1,5,1,1,2
1vppo2,0,0,0,1,0,1,13,1,14,2,1,3
1vu9ad,0,0,0,0,0,0,1,1,2,1,1,2
1w13p1,0,0,0,0,0,0,2,1,3,6,2,8
1w3fzr,0,0,0,1,0,1,1,1,2,1,1,2
1w3q0a,0,0,0,2,0,2,4,1,5,1,1,2
1w46q5,0,0,0,1,0,1,2,1,3,6,1,7
1waqxr,0,0,0,1,0,1,1,1,2,7,1,8
1wg0so,0,0,0,2,0,2,11,1,12,8,1,9
1wli1e,0,0,0,0,0,0,2,1,3,4,1,5
1wpmk2,0,0,0,0,0,0,1,1,2,2,1,3
1wt863,0,0,0,0,0,0,3,1,4,3,1,4
1x6dro,1,0,1,0,0,0,3,1,4,5,1,6
1xeoac,0,0,0,0,0,0,2,1,3,5,1,6
1xeyz5,0,0,0,0,0,0,5,1,6,3,1,4
1xkou8,0,0,0,0,0,0,5,1,6,1,1,2
1xmlya,0,0,0,0,0,0,1,1,2,1,1,2
1xwwef,0,0,0,0,0,0,3,1,4,5,1,6
1y05jk,0,0,0,0,1,1,4,1,5,4,1,5
1y1pc9,0,0,0,1,0,1,9,1,10,1,1,2
1y2ng4,0,0,0,0,0,0,1,1,2,1,1,2
1ybcoc,0,0,0,0,0,0,1,1,2,1,1,2
1yg0cz,0,0,0,0,0,0,1,1,2,5,1,6
1ymvd2,0,0,0,1,0,1,6,1,7,5,1,6
1yu3kc,0,0,0,0,0,0,1,1,2,1,1,2
1ywzi2,0,0,0,0,0,0,5,1,6,5,1,6
1z0un5,0,0,0,1,0,1,1,1,2,1,1,2
1z4h6t,0,0,0,0,0,0,4,1,5,3,1,4
1z8d6b,0,0,0,2,0,2,1,1,2,2,1,3
1z9yqq,0,0,0,0,0,0,1,1,2,3,1,4
1zchec,0,0,0,0,0,0,4,1,5,1,1,2
1zh7ep,0,0,0,0,0,0,3,1,4,2,1,3
1zolqw,0,0,0,0,0,0,3,1,4,1,1,2
1zp2tw,2,0,2,0,0,0,2,1,3,1,1,2
1zw3s6,1,0,1,1,0,1,1,1,2,6,1,7
209cyx,0,0,0,1,0,1,3,1,4,3,1,4
20brzp,0,0,0,0,0,0,1,1,2,3,1,4
20cz7f,0,0,0,0,0,0,2,1,3,6,1,7
20ihmw,0,0,0,0,0,0,1,1,2,2,1,3
20jkob,0,0,0,0,0,0,4,1,5,1,1,2
20o3xm,2,0,2,0,0,0,8,1,9,5,1,6
20ximc,0,0,0,1,0,1,8,1,9,1,1,2
213rlh,0,0,0,0,0,0,3,1,4,1,1,2
215vje,1,0,1,0,0,0,1,1,2,2,1,3
21n7vi,0,0,0,0,0,0,4,1,5,1,1,2
222ega,0,0,0,0,0,0,3,1,4,1,1,2
227l5j,0,0,0,0,0,0,2,1,3,2,1,3
22818f,0,0,0,0,0,0,3,1,4,2,1,3
22c8ju,0,0,0,1,0,1,3,1,4,1,1,2
22gefd,1,1,2,1,0,1,1,1,2,12,1,13
22i0t7,0,0,0,0,0,0,1,1,2,1,1,2
22uw5w,0,0,0,2,0,2,2,1,3,1,2,3
22wqc0,0,0,0,0,0,0,1,1,2,1,1,2
22xxkw,0,0,0,0,0,0,4,1,5,2,1,3
238lih,0,0,0,0,0,0,2,1,3,6,1,7
23drf3,0,0,0,0,0,0,1,1,2,2,1,3
23l6gq,0,0,0,2,2,4,5,1,6,2,3,5
23t3zj,1,0,1,0,0,0,2,1,3,3,1,4
23tplr,0,0,0,0,0,0,1,1,2,4,1,5
2404a0,1,0,1,0,0,0,1,1,2,2,1,3
241af4,0,0,0,0,0,0,2,6,8,1,1,2
242xys,0,0,0,0,0,0,2,1,3,1,1,2
243qai,0,0,0,1,1,2,1,1,2,3,1,4
245dsu,0,0,0,0,0,0,2,1,3,1,1,2
246mzc,0,0,0,0,0,0,1,1,2,1,1,2
24axvp,0,0,0,0,0,0,3,1,4,1,1,2
24czse,0,0,0,1,0,1,1,1,2,1,1,2
24djgo,0,0,0,0,0,0,3,1,4,2,1,3
24ijsh,0,0,0,0,0,0,3,1,4,1,1,2
24s210,0,0,0,0,0,0,3,1,4,1,1,2
24stlu,0,0,0,0,0,0,3,1,4,1,1,2
24ul7z,0,0,0,0,0,0,1,1,2,1,1,2
24w9dq,0,0,0,1,0,1,6,1,7,5,1,6
24ws2c,0,0,0,1,0,1,7,1,8,4,3,7
24y290,0,0,0,2,0,2,11,1,12,2,1,3
24y4j9,0,0,0,0,0,0,2,1,3,3,1,4
24zcvv,0,0,0,0,0,0,2,1,3,2,1,3
25367t,0,0,0,0,0,0,8,1,9,3,1,4
2545dm,0,0,0,0,0,0,1,1,2,4,2,6
25b68y,0,0,0,1,0,1,3,1,4,4,1,5
25bvbn,0,0,0,0,0,0,3,1,4,6,1,7
25g2lc,0,0,0,0,0,0,3,1,4,5,1,6
25ljcu,0,0,0,1,0,1,1,1,2,1,1,2
267ou4,0,0,0,0,0,0,2,1,3,8,1,9
269a34,0,0,0,0,0,0,12,1,13,1,1,2
26cefi,0,0,0,0,0,0,1,1,2,4,1,5
26h0ib,0,0,0,1,0,1,4,1,5,3,1,4
26hokc,0,0,0,4,1,5,3,1,4,5,3,8
26ogr0,0,0,0,0,0,0,4,1,5,3,1,4
26q7jz,0,0,0,1,0,1,2,1,3,1,2,3
26vn1r,0,0,0,0,0,0,3,1,4,7,1,8
26zpxj,0,0,0,0,0,0,1,1,2,2,1,3
27i1c3,0,0,0,0,0,0,1,1,2,6,1,7
27qkxj,0,0,0,1,0,1,4,1,5,2,1,3
27s7sv,0,0,0,0,0,0,2,1,3,1,1,2
27xbcb,0,0,0,1,0,1,1,1,2,1,1,2
2861ny,1,0,1,1,0,1,1,1,2,5,1,6
28e13j,0,0,0,0,0,0,3,1,4,3,1,4
28hklv,0,0,0,0,0,0,4,1,5,2,1,3
28qtyn,0,0,0,0,0,0,2,1,3,2,1,3
28r7p2,0,0,0,0,0,0,3,1,4,3,1,4
28wyvt,0,0,0,0,0,0,1,1,2,1,1,2
28xrif,0,0,0,0,0,0,3,1,4,6,1,7
28z5ir,0,0,0,0,0,0,2,1,3,7,1,8
28zlb2,0,0,0,0,0,0,5,1,6,1,1,2
293ots,0,0,0,0,0,0,1,1,2,5,1,6
2985ag,1,0,1,0,0,0,1,1,2,2,1,3
29d2pf,1,0,1,1,0,1,4,1,5,2,1,3
29dado,0,0,0,0,0,0,3,1,4,5,1,6
29egd8,0,0,0,0,0,0,2,1,3,2,1,3
29f274,0,0,0,0,0,0,5,1,6,3,1,4
29i6fa,0,0,0,0,0,0,2,1,3,1,1,2
2a1oos,1,0,1,0,0,0,1,1,2,2,1,3
2a6b1t,0,0,0,0,0,0,5,1,6,1,1,2
2a7786,0,0,0,0,0,0,2,1,3,1,1,2
2aakn5,0,0,0,0,0,0,5,1,6,4,1,5
2act5h,0,0,0,1,0,1,19,1,20,1,1,2
2aejm3,0,0,0,0,0,0,2,1,3,1,1,2
2ajfnd,0,0,0,0,0,0,6,1,7,3,1,4
2amd7m,0,0,0,0,0,0,5,1,6,1,1,2
2awjrv,0,0,0,2,0,2,4,1,5,2,1,3
2awlgb,0,0,0,0,0,0,3,1,4,1,1,2
2azaxh,0,0,0,1,0,1,3,1,4,8,2,10
2b5j7c,0,0,0,1,0,1,3,1,4,1,1,2
2baugq,0,0,0,0,0,0,3,1,4,2,1,3
2bcd7l,1,0,1,0,0,0,3,1,4,1,1,2
2bo1zs,0,0,0,2,0,2,8,1,9,3,1,4
2bpl7n,0,0,0,2,0,2,5,1,6,3,3,6
2brtfi,0,0,0,1,0,1,2,1,3,3,1,4
2bv3x0,0,0,0,1,0,1,4,1,5,1,1,2
2bz0d1,0,0,0,0,0,0,23,1,24,2,1,3
2c9288,0,0,0,0,0,0,1,1,2,4,1,5
2ccwy7,1,0,1,0,0,0,1,1,2,2,1,3
2cf3iv,0,0,0,0,0,0,1,1,2,1,1,2
2cidxr,0,0,0,0,0,0,2,1,3,1,1,2
2civ17,0,0,0,1,0,1,6,1,7,9,1,10
2cjh1r,0,0,0,0,0,0,2,1,3,2,1,3
2csfi8,0,0,0,0,0,0,5,1,6,5,1,6
2cwbz0,0,0,0,1,0,1,5,1,6,1,1,2
2cxr2b,0,0,0,0,0,0,5,1,6,1,1,2
2d0ayq,0,0,0,0,0,0,2,1,3,2,1,3
2d2dgd,0,0,0,0,0,0,3,1,4,4,1,5
2ds713,0,0,0,0,0,0,2,1,3,1,1,2
2dt7k4,0,0,0,0,0,0,4,1,5,8,1,9
2e15ar,0,0,0,0,0,0,7,1,8,2,1,3
2e3k38,0,0,0,0,0,0,2,1,3,2,1,3
2e63v8,0,0,0,0,0,0,3,1,4,4,1,5
2edvf3,0,0,0,1,0,1,1,1,2,5,1,6
2efh51,0,0,0,0,0,0,2,1,3,4,1,5
2en6h6,0,0,0,0,0,0,4,1,5,1,1,2
2eo3nh,0,0,0,0,0,0,2,1,3,3,1,4
2errcd,0,0,0,0,0,0,1,1,2,2,1,3
2exezb,0,0,0,0,1,1,1,1,2,1,1,2
2eyc05,0,0,0,0,0,0,2,1,3,2,1,3
2f4i4d,0,0,0,0,0,0,3,1,4,2,1,3
2f5tbg,0,0,0,0,0,0,2,1,3,9,1,10
2f9871,0,0,0,0,0,0,3,1,4,2,2,4
2fcjrt,0,0,0,0,0,0,2,1,3,3,1,4
2fejj0,0,0,0,0,0,0,2,1,3,8,1,9
2fho50,0,0,0,0,0,0,7,1,8,2,1,3
2fi1yu,0,0,0,0,0,0,10,1,11,1,1,2
2flxj3,0,0,0,0,0,0,2,1,3,3,1,4
2fmzci,0,0,0,0,0,0,3,1,4,4,8,12
2fowaw,0,0,0,1,0,1,1,1,2,1,1,2
2frx2b,0,0,0,0,0,0,3,1,4,2,1,3
2g497n,0,0,0,0,0,0,1,1,2,1,1,2
2g9knv,0,0,0,0,0,0,6,1,7,4,1,5
2gbbg9,0,0,0,0,0,0,2,1,3,2,1,3
2ggfp1,0,0,0,0,0,0,2,1,3,2,1,3
2ghv96,0,0,0,0,0,0,8,1,9,1,1,2
2glc49,0,0,0,0,0,0,5,1,6,5,1,6
2gnv2i,0,0,0,0,0,0,1,1,2,1,1,2
2gpmkc,0,0,0,0,0,0,2,1,3,4,1,5
2grqqm,0,0,0,0,0,0,1,1,2,3,1,4
2h0hov,0,0,0,2,0,2,2,1,3,1,1,2
2h0tdc,0,0,0,0,0,0,4,1,5,1,1,2
2h3fti,0,0,0,1,0,1,11,1,12,4,1,5
2ha9wl,0,0,0,0,0,0,5,1,6,3,1,4
2heed0,2,0,2,0,0,0,12,1,13,7,3,10
2hlunx,0,0,0,0,0,0,7,1,8,2,1,3
2hmrzi,0,0,0,0,0,0,4,1,5,1,1,2
2hotv5,0,0,0,0,0,0,1,1,2,8,1,9
2hq5px,0,0,0,1,0,1,1,1,2,1,1,2
2htddk,0,0,0,2,0,2,7,1,8,2,1,3
2hvsgd,0,0,0,0,0,0,4,3,7,13,1,14
2hvz76,0,0,0,2,0,2,7,1,8,2,1,3
2i12xn,1,0,1,0,0,0,3,1,4,1,1,2
2i184d,0,0,0,1,0,1,2,1,3,2,1,3
2i5cjf,0,0,0,0,0,0,1,1,2,1,1,2
2iasz3,0,0,0,0,0,0,2,1,3,1,3,4
2ib42m,0,0,0,0,0,0,10,1,11,14,1,15
2icdng,0,0,0,2,0,2,4,1,5,1,1,2
2iflg6,0,0,0,0,0,0,3,1,4,13,1,14
2ijg9h,0,0,0,1,0,1,6,1,7,1,1,2
2iq6t2,0,0,0,0,0,0,1,1,2,1,1,2
2iskyy,0,0,0,0,0,0,1,1,2,2,1,3
2iz92q,0,0,0,0,0,0,2,2,4,1,1,2
2izdkb,0,0,0,1,1,2,1,1,2,1,1,2
2j1xq7,0,0,0,1,0,1,2,2,4,3,1,4
2j6ii9,0,0,0,0,0,0,4,1,5,3,1,4
2j83cl,0,0,0,0,0,0,10,1,11,1,1,2
2jburk,0,0,0,0,0,0,3,1,4,2,1,3
2jhcwx,0,1,1,1,0,1,1,1,2,1,2,3
2jmik1,0,0,0,1,0,1,1,1,2,1,1,2
2jmm19,0,0,0,1,0,1,3,1,4,2,1,3
2jn07y,0,0,0,0,0,0,1,1,2,2,1,3
2jrtrp,0,0,0,0,0,0,3,1,4,5,1,6
2jzphq,0,0,0,0,0,0,3,1,4,12,1,13
2kcavt,0,0,0,1,0,1,6,1,7,1,1,2
2kltjk,0,0,0,1,0,1,8,1,9,1,1,2
2kt4sd,0,0,0,0,0,0,1,1,2,3,1,4
2kulyf,0,0,0,0,0,0,12,1,13,3,1,4
2l13kr,0,0,0,0,0,0,2,1,3,4,1,5
2l3za7,0,0,0,0,0,0,4,1,5,1,1,2
2l8y6h,0,0,0,0,0,0,12,1,13,9,3,12
2lae6w,0,0,0,0,0,0,1,1,2,2,1,3
2ld54c,0,0,0,1,4,5,2,1,3,1,1,2
2lejon,0,0,0,1,0,1,10,1,11,3,1,4
2lgv9e,0,0,0,0,0,0,1,1,2,9,1,10
2lh2xe,0,0,0,0,0,0,1,1,2,1,1,2
2lqeo6,0,0,0,0,0,0,7,1,8,1,1,2
2m3el8,0,0,0,0,0,0,2,1,3,3,1,4
2m40z5,0,0,0,0,0,0,3,1,4,1,1,2
2m4kvh,0,0,0,1,0,1,3,1,4,1,1,2
2m67sj,0,0,0,0,0,0,1,1,2,4,1,5
2m6vp6,0,0,0,0,0,0,1,1,2,4,1,5
2mdeuo,0,0,0,0,0,0,1,1,2,2,1,3
2mo77b,0,0,0,1,0,1,5,1,6,3,1,4
2mqn8t,0,0,0,0,0,0,2,1,3,6,1,7
2n27ym,0,0,0,2,0,2,2,1,3,2,1,3
2n2h6i,0,0,0,0,0,0,2,1,3,6,1,7
2n2xq1,0,0,0,3,0,3,6,1,7,2,1,3
2n7rol,0,0,0,0,0,0,1,1,2,1,1,2
2nihrh,0,0,0,0,0,0,2,1,3,2,1,3
2nmgmq,0,0,0,0,0,0,1,1,2,2,1,3
2nmng9,0,0,0,0,0,0,4,1,5,1,1,2
2noi9r,0,0,0,0,0,0,2,1,3,4,4,8
2nrenz,0,0,0,0,0,0,9,1,10,2,1,3
2o34ld,0,0,0,1,0,1,6,1,7,7,1,8
2o5gl9,0,0,0,0,0,0,2,1,3,5,1,6
2o7ci5,0,0,0,0,0,0,2,1,3,3,1,4
2ocdgn,0,0,0,0,0,0,1,1,2,3,1,4
2of5d3,0,0,0,0,0,0,1,1,2,3,1,4
2omlnc,0,0,0,1,0,1,5,1,6,2,1,3
2oo3gz,0,0,0,0,0,0,1,1,2,3,1,4
2p5gys,0,0,0,0,0,0,1,1,2,4,1,5
2p5j1a,0,0,0,0,0,0,1,1,2,4,1,5
2p6qg6,0,0,0,1,0,1,9,1,10,3,1,4
2pb889,0,0,0,2,0,2,26,2,28,17,1,18
2pfbz6,0,0,0,2,0,2,3,1,4,1,1,2
2pfcm2,0,0,0,0,0,0,4,1,5,1,1,2
2po91q,0,0,0,1,0,1,1,1,2,3,1,4
2ppzfh,0,0,0,0,0,0,1,1,2,3,1,4
2ps6ww,0,0,0,1,0,1,9,1,10,3,1,4
2pyro7,0,0,0,1,0,1,2,1,3,1,1,2
2q70h0,0,0,0,0,0,0,5,1,6,2,1,3
2q8uw3,0,0,0,0,0,0,1,1,2,1,1,2
2q9wt5,0,0,0,1,0,1,2,1,3,4,4,8
2qd1qi,0,0,0,0,0,0,3,1,4,1,1,2
2qpgqk,0,0,0,0,0,0,4,1,5,3,1,4
2qsbh9,0,0,0,0,0,0,1,1,2,11,1,12
2qtzv0,0,0,0,1,0,1,3,1,4,2,1,3
2qv2p5,1,0,1,0,0,0,3,1,4,1,1,2
2r3p1t,0,0,0,1,0,1,5,1,6,1,1,2
2r7m4r,0,0,0,0,0,0,11,1,12,2,1,3
2r966u,0,0,0,0,0,0,2,1,3,4,1,5
2ra10y,0,0,0,0,0,0,7,1,8,3,2,5
2rdslg,0,0,0,0,0,0,3,1,4,3,1,4
2rg80l,0,0,0,0,0,0,4,1,5,5,1,6
2rgilb,0,0,0,0,0,0,2,1,3,3,1,4
2rk00h,0,0,0,1,0,1,1,1,2,1,1,2
2rltq9,0,0,0,1,0,1,2,1,3,4,1,5
2rpku4,0,0,0,0,0,0,3,1,4,6,1,7
2s0i71,0,0,0,0,0,0,1,1,2,6,1,7
2s7xsj,0,0,0,1,0,1,1,4,5,1,2,3
2sa3i0,0,0,0,0,0,0,1,1,2,4,1,5
2sgmgp,0,0,0,0,0,0,4,1,5,2,1,3
2shg64,0,0,0,0,0,0,1,1,2,1,1,2
2sov0b,0,0,0,1,1,2,3,1,4,1,1,2
2sskc3,0,0,0,1,0,1,2,1,3,3,1,4
2stfw9,0,0,0,0,0,0,2,1,3,3,1,4
2sw4jf,0,0,0,0,0,0,1,1,2,1,1,2
2t013a,0,0,0,1,0,1,25,1,26,6,1,7
2t3329,0,0,0,0,0,0,2,1,3,13,3,16
2tc6jd,0,0,0,0,0,0,1,1,2,1,1,2
2tkian,0,0,0,1,0,1,2,1,3,1,13,14
2tn244,0,0,0,0,0,0,1,1,2,1,1,2
2tnwyv,0,0,0,0,0,0,1,1,2,1,1,2
2tp9pb,0,0,0,0,0,0,1,1,2,1,1,2
2tqtk4,0,0,0,1,0,1,2,1,3,1,1,2
2tw94g,0,0,0,0,0,0,2,1,3,4,1,5
2u2dm2,0,0,0,0,0,0,1,1,2,1,1,2
2u49ys,0,0,0,1,0,1,2,1,3,1,1,2
2u6fxr,0,0,0,0,0,0,4,1,5,3,2,5
2ua6yg,0,0,0,0,0,0,6,1,7,3,1,4
2ui4uy,0,0,0,0,0,0,2,1,3,1,1,2
2ulp01,0,0,0,1,0,1,3,1,4,4,1,5
2um5jp,0,0,0,3,0,3,23,1,24,3,1,4
2v0lg7,0,0,0,0,0,0,3,1,4,1,1,2
2v2duo,0,0,0,0,0,0,8,1,9,3,1,4
2v68du,0,0,0,0,0,0,2,1,3,6,1,7
2vh8ei,0,0,0,1,1,2,1,1,2,2,1,3
2vkjra,0,0,0,0,0,0,2,1,3,1,1,2
2vkz5k,0,0,0,0,0,0,5,1,6,1,1,2
2vof78,0,0,0,1,0,1,4,1,5,1,1,2
2vpy0x,0,0,0,1,0,1,1,1,2,2,1,3
2vucw1,0,0,0,1,0,1,1,1,2,7,1,8
2vv024,0,0,0,1,0,1,10,4,14,2,1,3
2w0yzc,0,0,0,0,0,0,3,1,4,1,1,2
2w7rre,0,0,0,3,0,3,1,1,2,3,1,4
2wlny8,0,0,0,1,0,1,2,1,3,1,1,2
2wned1,0,0,0,2,0,2,2,1,3,1,2,3
2wnkv3,0,0,0,0,0,0,3,1,4,4,1,5
2wyxxa,0,0,0,0,0,0,1,1,2,1,1,2
2wzg55,0,0,0,0,0,0,1,1,2,4,1,5
2x6zix,0,0,0,0,0,0,6,1,7,1,2,3
2x8zkz,0,0,0,0,0,0,2,1,3,2,1,3
2xgfd8,0,0,0,0,0,0,1,1,2,7,1,8
2y4rm0,3,0,3,0,0,0,1,1,2,1,1,2
2y9z8w,0,0,0,0,2,2,4,1,5,2,1,3
2ywjz6,1,0,1,1,0,1,2,1,3,2,1,3
2yx793,0,0,0,2,0,2,4,1,5,1,1,2
2yxhd9,0,0,0,0,0,0,4,1,5,1,1,2
2yxjd6,0,0,0,1,0,1,4,1,5,3,1,4
2z1zoi,0,0,0,0,1,1,4,1,5,4,2,6
2z8nzm,0,0,0,0,0,0,10,1,11,4,1,5
2z9akg,0,0,0,2,0,2,1,1,2,7,1,8
2z9tjy,0,0,0,1,0,1,1,1,2,1,1,2
2zftk4,0,0,0,2,0,2,6,1,7,4,1,5
2zonjo,0,0,0,0,0,0,5,1,6,6,1,7
2zxnvm,0,0,0,1,0,1,2,2,4,5,1,6
30115v,0,0,0,2,0,2,3,1,4,1,1,2
30debi,1,0,1,0,0,0,1,1,2,1,1,2
30fr13,0,0,0,2,0,2,8,1,9,1,1,2
30oso2,0,0,0,1,0,1,3,1,4,4,1,5
30pkzm,1,0,1,0,0,0,1,1,2,6,1,7
30qj8o,0,0,0,0,0,0,2,1,3,1,1,2
30s1t6,0,0,0,5,0,5,3,1,4,17,2,19
30subv,0,0,0,0,0,0,2,1,3,1,1,2
30xvpw,0,0,0,3,0,3,3,1,4,1,1,2
30zczm,0,0,0,0,0,0,5,1,6,2,1,3
3123u7,0,0,0,0,0,0,1,1,2,1,1,2
317o1j,0,0,0,0,0,0,3,1,4,7,1,8
319y42,0,0,0,0,0,0,4,1,5,4,1,5
31bpnm,0,0,0,0,0,0,5,1,6,1,1,2
31d6pz,0,0,0,0,0,0,3,1,4,3,1,4
31h38g,0,0,0,0,0,0,4,1,5,5,6,11
31h5dl,0,0,0,1,0,1,3,1,4,1,1,2
31nuqg,0,0,0,1,0,1,1,1,2,1,1,2
31yyiq,0,0,0,1,0,1,5,1,6,2,1,3
32843y,0,0,0,0,0,0,4,1,5,5,1,6
32l1px,0,0,0,0,0,0,2,1,3,5,1,6
32nkdm,0,0,0,0,0,0,1,1,2,4,1,5
32yenp,0,0,0,0,0,0,9,1,10,1,1,2
32yga6,0,0,0,0,0,0,4,1,5,6,1,7
334v90,0,0,0,2,0,2,5,1,6,1,1,2
33dytk,0,0,0,0,0,0,1,1,2,2,1,3
33fekt,0,0,0,0,0,0,1,1,2,2,1,3
33olyu,0,0,0,2,0,2,2,1,3,1,1,2
33rf5p,0,0,0,0,0,0,3,1,4,4,1,5
33xxwm,0,0,0,0,0,0,3,1,4,7,1,8
340rgh,0,0,0,0,0,0,1,1,2,3,1,4
3422uw,0,0,0,0,0,0,3,1,4,3,1,4
3471lg,0,0,0,0,0,0,2,1,3,1,1,2
34c6h6,0,0,0,0,0,0,1,1,2,4,1,5
34cxa5,0,0,0,0,0,0,7,1,8,7,1,8
34d7ep,0,0,0,1,0,1,4,1,5,1,1,2
34igwe,0,0,0,1,0,1,5,1,6,3,3,6
34tng9,0,0,0,0,0,0,3,1,4,3,1,4
34wx4l,0,0,0,0,0,0,7,1,8,4,1,5
3536x0,2,0,2,0,0,0,7,1,8,1,1,2
35aqj8,0,0,0,1,0,1,9,1,10,3,1,4
35iqwc,0,0,0,0,0,0,5,1,6,1,1,2
35m8lq,0,0,0,1,1,2,8,1,9,3,1,4
35voj9,0,0,0,0,0,0,3,1,4,2,1,3
366hw6,0,0,0,4,0,4,2,1,3,7,2,9
366thu,0,0,0,1,0,1,5,1,6,2,1,3
36ayma,0,0,0,0,0,0,2,1,3,4,1,5
36dn94,0,0,0,0,0,0,1,1,2,3,1,4
36hwh2,0,0,0,0,0,0,1,5,6,4,1,5
36qehe,0,0,0,3,0,3,7,1,8,5,1,6
36zjh0,0,0,0,0,0,0,1,1,2,5,1,6
3734hn,0,0,0,0,1,1,1,1,2,5,1,6
37e5fq,0,0,0,1,0,1,6,1,7,1,3,4
38aq4o,0,0,0,2,1,3,2,1,3,7,2,9
38h74m,0,0,0,0,0,0,2,1,3,2,1,3
38rbm3,0,0,0,1,0,1,5,1,6,2,1,3
38rpzk,0,0,0,0,0,0,3,1,4,5,1,6
38z96a,0,0,0,0,0,0,4,1,5,2,1,3
391ai2,0,0,0,1,0,1,1,1,2,1,1,2
393ue3,0,0,0,1,0,1,2,3,5,1,1,2
394rc3,0,0,0,2,0,2,4,1,5,1,1,2
398bbz,1,0,1,1,0,1,1,1,2,6,1,7
399evy,0,0,0,0,0,0,3,1,4,1,1,2
39cjzb,0,0,0,0,0,0,4,1,5,2,9,11
39nqre,0,0,0,1,0,1,5,1,6,6,3,9
39o83k,0,0,0,0,0,0,2,1,3,6,1,7
3a4eik,0,0,0,0,0,0,1,1,2,1,1,2
3a7s6g,0,0,0,0,0,0,4,1,5,1,1,2
3abz4u,0,0,0,0,0,0,5,1,6,3,1,4
3ag30a,0,0,0,0,0,0,9,1,10,1,1,2
3aik03,0,0,0,0,0,0,5,1,6,4,1,5
3atmk5,2,0,2,0,0,0,1,1,2,6,1,7
3awh9k,0,0,0,0,0,0,1,1,2,1,1,2
3axw5r,0,0,0,0,0,0,3,1,4,3,1,4
3b06ov,0,0,0,0,0,0,3,1,4,3,1,4
3b3z90,0,0,0,2,0,2,1,1,2,4,1,5
3b56lq,0,0,0,1,0,1,2,1,3,8,1,9
3bf1yo,0,0,0,0,0,0,2,1,3,4,1,5
3bh1p1,0,0,0,0,0,0,1,1,2,3,1,4
3blbzu,0,0,0,0,0,0,1,1,2,1,1,2
3bpcw4,0,0,0,0,0,0,3,1,4,1,1,2
3bpks6,0,0,0,0,0,0,2,1,3,4,1,5
3bu5zs,0,0,0,0,0,0,4,1,5,1,1,2
3c4jk5,0,0,0,0,0,0,4,1,5,4,1,5
3cbr7j,1,0,1,0,0,0,3,1,4,1,1,2
3ciby6,0,0,0,0,0,0,1,1,2,2,1,3
3d76k3,0,0,0,1,0,1,9,1,10,1,1,2
3d7r1w,0,0,0,0,0,0,5,1,6,3,1,4
3dc0yf,0,0,0,0,0,0,2,1,3,5,1,6
3ddqpn,0,0,0,0,0,0,5,1,6,1,1,2
3dggxy,0,0,0,1,0,1,29,5,34,10,2,12
3drfo1,0,0,0,1,0,1,2,1,3,6,1,7
3dv46q,0,0,0,0,0,0,2,1,3,2,1,3
3dx2un,0,0,0,0,0,0,2,1,3,1,1,2
3e1ux4,0,0,0,0,0,0,2,1,3,2,1,3
3egu3w,0,0,0,1,0,1,3,1,4,1,1,2
3ej099,0,0,0,0,0,0,4,1,5,3,1,4
3elnwo,0,0,0,1,0,1,4,1,5,2,1,3
3eohci,0,0,0,1,0,1,6,1,7,5,1,6
3eshe1,0,0,0,2,1,3,1,1,2,2,1,3
3ex7qy,0,0,0,0,0,0,1,1,2,1,1,2
3fby9i,0,0,0,2,0,2,2,1,3,1,1,2
3fdgqj,0,0,0,1,0,1,3,1,4,5,1,6
3fjqs2,2,0,2,1,0,1,5,1,6,8,1,9
3fkzxy,0,0,0,0,0,0,3,1,4,2,1,3
3fpu6n,0,0,0,5,0,5,8,1,9,5,1,6
3fu4hi,0,0,0,1,0,1,1,1,2,1,1,2
3fvycr,0,0,0,1,0,1,2,1,3,2,1,3
3g1ryl,0,0,0,0,0,0,5,1,6,1,1,2
3gdman,0,0,0,0,0,0,2,1,3,7,1,8
3gfkxz,0,0,0,0,0,0,2,1,3,1,1,2
3gjzj0,0,0,0,3,0,3,2,1,3,1,1,2
3h19xa,0,0,0,0,0,0,15,1,16,2,1,3
3h6fv7,0,0,0,1,0,1,1,1,2,3,1,4
3h7vcm,0,0,0,0,0,0,3,1,4,3,1,4
3h9pp5,0,0,0,0,0,0,3,1,4,3,1,4
3he2mt,0,0,0,0,0,0,3,1,4,3,1,4
3heasv,0,0,0,0,0,0,3,1,4,10,1,11
3hfmxd,0,0,0,0,0,0,2,1,3,3,2,5
3hghbf,0,0,0,1,0,1,2,1,3,1,1,2
3hjopp,0,0,0,0,0,0,2,1,3,2,1,3
3hn5rn,0,0,0,2,0,2,12,1,13,4,1,5
3hpmgi,0,0,0,0,0,0,3,1,4,4,1,5
3ityte,0,0,0,0,0,0,4,1,5,1,1,2
3j9lqv,0,0,0,0,0,0,1,1,2,1,1,2
3jg1fa,0,0,0,1,0,1,11,2,13,2,3,5
3jgwkk,0,0,0,0,0,0,2,1,3,1,1,2
3jj269,0,0,0,0,0,0,1,1,2,2,1,3
3jkegn,1,0,1,0,0,0,7,1,8,18,1,19
3jq219,0,0,0,1,1,2,1,1,2,1,1,2
3jwifx,0,0,0,0,0,0,1,1,2,6,1,7
3jxybw,0,0,0,0,0,0,2,1,3,3,1,4
3jyi58,0,0,0,0,0,0,3,1,4,1,1,2
3jyy6b,0,0,0,0,0,0,1,1,2,2,1,3
3jz8ly,0,0,0,1,0,1,3,1,4,1,1,2
3kb790,0,0,0,0,0,0,3,1,4,2,2,4
3kjrus,0,0,0,0,0,0,3,1,4,12,1,13
3kpyzr,0,0,0,0,0,0,2,1,3,1,1,2
3lsedz,0,0,0,1,1,2,8,1,9,2,1,3
3ltjou,0,0,0,0,0,0,3,1,4,4,1,5
3m5i7q,0,0,0,0,0,0,1,1,2,1,1,2
3mfuno,0,0,0,0,0,0,6,2,8,3,1,4
3n52k3,0,0,0,0,0,0,1,1,2,1,1,2
3n7by2,0,0,0,0,0,0,2,1,3,2,1,3
3nld96,0,0,0,1,0,1,1,1,2,10,1,11
3o7ur4,0,0,0,0,0,0,2,1,3,3,1,4
3o82aw,0,0,0,0,0,0,2,1,3,1,1,2
3o8yu9,0,0,0,2,0,2,4,1,5,1,1,2
3odi3k,0,1,1,0,0,0,3,1,4,1,1,2
3ohdjt,0,0,0,1,0,1,2,4,6,1,1,2
3ooenj,0,0,0,1,0,1,3,1,4,3,2,5
3opjw3,0,0,0,0,0,0,2,1,3,6,1,7
3oqe69,0,0,0,0,0,0,4,1,5,1,1,2
3orn6v,0,0,0,1,0,1,2,1,3,5,1,6
3ov2i2,0,0,0,0,1,1,1,1,2,9,1,10
3p8y29,0,0,0,0,0,0,3,1,4,5,1,6
3pdrzo,0,0,0,0,1,1,5,3,8,1,1,2
3pe3vn,0,0,0,2,1,3,2,1,3,3,1,4
3q33ip,0,0,0,0,0,0,8,1,9,1,1,2
3q6ogz,0,0,0,0,2,2,4,1,5,11,1,12
3q7fq0,0,0,0,0,0,0,1,1,2,6,6,12
3qmksd,0,0,0,0,0,0,2,1,3,1,1,2
3qp0b1,0,0,0,0,0,0,1,1,2,1,1,2
3qr7rm,0,0,0,0,0,0,9,1,10,1,1,2
3qtldh,1,0,1,2,0,2,2,1,3,9,1,10
3r4blv,0,0,0,1,0,1,3,1,4,2,1,3
3rabm5,0,0,0,0,0,0,3,1,4,1,1,2
3rfs7s,0,0,0,2,0,2,1,1,2,4,1,5
3rhkzt,0,0,0,0,0,0,3,1,4,1,1,2
3rk3pt,0,0,0,0,0,0,8,1,9,2,1,3
3rmz1y,0,0,0,0,0,0,1,1,2,1,1,2
3rwsri,1,0,1,0,0,0,7,1,8,1,1,2
3sahvy,0,0,0,1,0,1,3,1,4,4,1,5
3sryp7,0,0,0,0,0,0,1,1,2,3,1,4
3stvoa,0,0,0,1,0,1,2,1,3,2,1,3
3th2f6,0,0,0,0,0,0,6,1,7,4,1,5
3tkljc,0,0,0,0,0,0,1,1,2,1,1,2
3ua58o,0,0,0,0,0,0,2,1,3,2,1,3
3umzfv,0,0,0,0,0,0,7,1,8,8,1,9
3uozpt,0,0,0,1,0,1,7,1,8,1,1,2
3uxq7g,1,0,1,0,0,0,1,1,2,6,1,7
3v1rf7,0,0,0,0,0,0,1,1,2,4,1,5
3v9yx9,0,0,0,1,0,1,2,1,3,2,1,3
3vq69n,0,0,0,1,0,1,5,1,6,9,1,10
3w4faz,0,0,0,0,0,0,7,1,8,2,1,3
3woff5,0,0,0,0,0,0,1,1,2,4,1,5
3x8khi,0,0,0,0,0,0,4,1,5,4,1,5
3xw0tc,0,0,0,0,0,0,7,1,8,6,1,7
3xwn0s,0,0,0,1,1,2,13,1,14,1,1,2
3y1jwt,0,0,0,0,0,0,2,1,3,5,1,6
3y30wr,0,0,0,0,0,0,2,1,3,4,1,5
3y3cvd,0,0,0,0,0,0,7,1,8,1,1,2
3yb2ps,0,0,0,0,0,0,2,1,3,1,2,3
3ycky7,3,0,3,3,0,3,1,1,2,2,1,3
3yclep,0,0,0,1,0,1,4,1,5,2,1,3
3yehvq,0,0,0,0,0,0,3,1,4,2,1,3
3yiu98,0,0,0,2,0,2,3,1,4,4,1,5
3yksl2,0,0,0,0,0,0,2,1,3,2,1,3
3yptzj,0,0,0,0,0,0,1,1,2,9,1,10
3yy2tm,0,0,0,0,0,0,1,1,2,7,1,8
3z22vi,0,0,0,1,0,1,6,1,7,3,1,4
3z64f2,0,0,0,0,0,0,4,1,5,8,1,9
3z7j0f,0,0,0,0,0,0,15,1,16,5,5,10
3zb86h,0,0,0,1,0,1,10,1,11,1,1,2
3zdeb8,0,0,0,0,1,1,8,1,9,2,1,3
3zizgj,0,0,0,0,0,0,2,1,3,3,1,4
3zmpft,0,0,0,5,0,5,7,1,8,10,1,11
403skz,0,0,0,0,0,0,9,1,10,2,1,3
409ffw,0,0,0,1,0,1,4,1,5,5,1,6
40bnxy,0,0,0,1,2,3,7,1,8,2,1,3
40cx5y,0,0,0,0,0,0,3,1,4,1,1,2
40nt0s,0,0,0,1,0,1,3,1,4,3,1,4
40puos,1,0,1,0,0,0,7,1,8,3,1,4
40sfl7,0,0,0,1,0,1,15,1,16,8,1,9
40z1ch,0,0,0,0,0,0,3,1,4,8,1,9
40zvh9,0,0,0,0,0,0,4,1,5,5,1,6
414ug4,0,0,0,0,0,0,2,1,3,4,1,5
419lg3,0,0,0,1,0,1,1,1,2,3,3,6
41ekfx,0,0,0,0,0,0,1,1,2,1,1,2
41ojre,1,0,1,1,0,1,1,1,2,6,1,7
41stw3,0,0,0,0,0,0,2,1,3,2,1,3
429w80,0,0,0,0,0,0,10,1,11,1,1,2
42fdqp,0,0,0,0,0,0,2,1,3,2,1,3
42g3jn,0,0,0,3,0,3,3,1,4,1,1,2
42h6il,0,0,0,1,0,1,5,1,6,1,1,2
42ojv4,1,0,1,0,0,0,1,1,2,1,1,2
42p5ql,0,0,0,0,0,0,1,1,2,1,1,2
42sc3n,0,0,0,1,0,1,1,1,2,3,1,4
42uwrb,1,0,1,0,0,0,1,1,2,1,1,2
437gv8,0,0,0,0,0,0,7,1,8,1,1,2
43onf8,0,0,0,1,0,1,3,1,4,3,1,4
43yk0r,0,0,0,1,0,1,3,1,4,2,1,3
444z6l,0,0,0,0,0,0,2,1,3,2,1,3
44f7zj,0,0,0,0,0,0,2,1,3,1,1,2
44zfvc,0,0,0,0,0,0,3,1,4,5,1,6
452v9z,0,0,0,2,0,2,5,1,6,5,1,6
459gvc,0,0,0,0,0,0,7,1,8,2,1,3
45i8ry,0,0,0,1,0,1,3,1,4,6,1,7
45r73u,0,0,0,0,0,0,2,1,3,1,1,2
45sey8,0,0,0,1,0,1,3,1,4,2,1,3
46hrjj,0,0,0,0,0,0,3,1,4,5,1,6
46k1y1,0,0,0,1,0,1,2,1,3,4,1,5
46up4d,0,0,0,0,0,0,7,1,8,1,1,2
47oh18,0,0,0,3,0,3,5,1,6,2,1,3
47xk99,0,0,0,0,0,0,2,1,3,3,1,4
48kzxq,0,0,0,2,0,2,2,1,3,2,1,3
48qmp8,0,0,0,1,0,1,2,1,3,2,1,3
491yni,0,0,0,1,0,1,2,1,3,2,1,3
493891,0,0,0,1,0,1,3,1,4,4,1,5
49ddcu,0,0,0,0,0,0,5,1,6,8,1,9
49fb2u,0,0,0,0,0,0,1,1,2,2,1,3
49imbd,0,0,0,0,0,0,4,1,5,1,1,2
49lf4y,0,0,0,0,0,0,3,1,4,1,1,2
49mhem,0,0,0,0,0,0,3,1,4,4,1,5
4a44d2,0,0,0,0,0,0,5,1,6,6,2,8
4a6n7d,0,0,0,2,0,2,4,1,5,5,1,6
4aa7bj,0,0,0,0,0,0,2,1,3,4,1,5
4ad6as,0,0,0,0,0,0,2,1,3,2,1,3
4adl0w,0,0,0,0,1,1,1,1,2,1,1,2
4av7cd,0,0,0,1,0,1,1,1,2,3,1,4
4awj8g,0,0,0,0,0,0,1,1,2,1,1,2
4b488t,0,0,0,0,0,0,2,1,3,1,1,2
4be2ff,0,2,2,0,0,0,1,2,3,1,3,4
4biiky,0,0,0,0,0,0,2,1,3,4,1,5
4bipw8,1,0,1,0,0,0,1,1,2,2,1,3
4bjlia,0,0,0,1,0,1,1,1,2,1,1,2
4brp57,0,0,0,0,0,0,2,1,3,2,1,3
4cmv2v,0,0,0,0,0,0,4,1,5,3,1,4
4csm7f,0,0,0,0,0,0,1,1,2,6,4,10
4drc06,0,0,0,0,0,0,2,1,3,7,1,8
4e4e51,0,0,0,0,0,0,1,1,2,3,1,4
4e7xen,0,0,0,0,0,0,6,1,7,1,1,2
4e94c5,0,0,0,0,0,0,1,1,2,1,1,2
4emdcp,0,0,0,1,0,1,3,1,4,1,1,2
4euwjy,0,0,0,1,0,1,3,1,4,2,1,3
4f3rot,0,0,0,0,0,0,11,1,12,3,2,5
4fgfx7,0,0,0,0,0,0,6,1,7,4,1,5
4fj4qg,0,0,0,1,0,1,4,1,5,5,1,6
4flkm8,0,0,0,2,0,2,4,1,5,6,1,7
4frspp,0,0,0,1,0,1,1,1,2,4,1,5
4g7miv,0,0,0,1,0,1,8,1,9,1,1,2
4gi0m2,0,0,0,0,0,0,5,1,6,1,1,2
4gm0ut,0,0,0,0,0,0,7,1,8,1,1,2
4gv98d,0,0,0,0,0,0,27,1,28,1,1,2
4gzu3d,0,0,0,0,0,0,8,1,9,1,1,2
4h0vxg,0,0,0,0,0,0,3,1,4,10,1,11
4h559e,0,0,0,0,0,0,1,1,2,1,1,2
4hc063,0,0,0,0,0,0,5,1,6,5,1,6
4hnfnf,0,0,0,0,0,0,6,1,7,1,1,2
4hoap4,0,0,0,2,0,2,7,1,8,1,1,2
4huklu,0,0,0,2,0,2,2,1,3,1,1,2
4i6l8w,0,0,0,0,0,0,5,1,6,2,1,3
4i9w52,0,0,0,1,0,1,1,1,2,2,1,3
4iayh8,0,0,0,0,0,0,3,1,4,6,1,7
4ifgql,1,0,1,0,0,0,3,1,4,2,1,3
4iu1mr,0,0,0,0,0,0,4,1,5,1,1,2
4jchuz,0,0,0,1,0,1,2,1,3,1,1,2
4jdznb,0,0,0,1,0,1,4,1,5,1,1,2
4jeckh,0,0,0,0,0,0,3,1,4,1,1,2
4jp2a7,1,0,1,1,0,1,5,1,6,4,2,6
4jse4h,0,0,0,0,0,0,1,1,2,1,1,2
4jse9k,0,0,0,0,0,0,9,1,10,5,1,6
4jw99c,0,0,0,3,0,3,3,1,4,2,1,3
4k3cfe,0,0,0,0,0,0,7,1,8,6,1,7
4k4yj0,0,0,0,0,0,0,7,1,8,1,1,2
4kbfo3,0,0,0,0,0,0,3,1,4,5,1,6
4kgpng,0,0,0,0,0,0,1,1,2,1,1,2
4knxz8,0,0,0,1,0,1,1,1,2,4,5,9
4ksa80,0,0,0,1,0,1,1,1,2,6,1,7
4kwus6,0,0,0,1,0,1,2,1,3,1,1,2
4l2aqv,0,0,0,0,0,0,1,1,2,1,1,2
4lgsa0,0,0,0,0,0,0,4,1,5,1,1,2
4lmd94,1,0,1,2,0,2,1,1,2,4,1,5
4lt7wm,0,0,0,0,0,0,2,1,3,2,1,3
4m95ea,0,0,0,0,0,0,4,1,5,1,1,2
4mbnl3,0,0,0,0,0,0,11,1,12,2,1,3
4me2dz,0,0,0,0,0,0,5,1,6,2,1,3
4mew3s,1,0,1,0,0,0,3,1,4,1,1,2
4mzsuh,0,0,0,0,0,0,6,1,7,1,1,2
4nfuk2,0,0,0,0,0,0,12,1,13,6,1,7
4nimyh,0,0,0,0,0,0,2,1,3,2,1,3
4nr4kc,0,0,0,0,0,0,3,1,4,7,1,8
4o6kup,0,0,0,1,0,1,5,1,6,1,1,2
4obfoz,0,0,0,1,0,1,2,1,3,1,1,2
4ogne4,1,0,1,0,0,0,3,1,4,2,1,3
4otg1e,0,0,0,0,0,0,2,1,3,13,1,14
4p4iho,0,0,0,1,0,1,7,1,8,9,1,10
4peve3,0,0,0,1,0,1,4,1,5,3,1,4
4pxvpd,0,0,0,0,0,0,7,1,8,5,1,6
4pzom8,1,0,1,0,0,0,1,1,2,1,1,2
4q08od,0,0,0,0,0,0,5,1,6,6,1,7
4qb639,0,0,0,0,0,0,7,1,8,3,1,4
4qq1ef,0,0,0,0,0,0,1,1,2,1,1,2
4qwtut,0,0,0,0,0,0,1,1,2,4,1,5
4r5bcc,0,0,0,1,0,1,4,1,5,1,1,2
4rkk01,0,0,0,1,0,1,8,1,9,1,1,2
4ro9v8,0,0,0,0,0,0,8,1,9,11,1,12
4s0cjg,0,0,0,2,1,3,13,1,14,1,1,2
4s3upv,0,0,0,1,0,1,5,1,6,1,3,4
4s7dl5,0,0,0,0,0,0,4,1,5,3,1,4
4s8lbf,0,0,0,0,0,0,8,1,9,1,1,2
4sb0et,1,0,1,1,0,1,2,1,3,11,1,12
4sb9a5,0,0,0,0,0,0,1,1,2,1,1,2
4sbhjd,0,0,0,0,0,0,4,1,5,5,1,6
4sld5i,0,0,0,0,0,0,3,1,4,6,1,7
4srgu4,0,0,0,0,0,0,1,1,2,1,1,2
4t2ng0,0,0,0,0,0,0,2,1,3,2,1,3
4t5kus,0,0,0,1,0,1,9,1,10,11,1,12
4t89u0,0,0,0,0,0,0,3,1,4,4,1,5
4tal6r,0,0,0,2,0,2,2,1,3,1,1,2
4tf1f7,0,0,0,0,0,0,9,1,10,5,1,6
4thoac,0,0,0,1,0,1,2,1,3,2,1,3
4tkq32,0,0,0,0,2,2,12,1,13,4,1,5
4tsaiz,0,0,0,0,0,0,1,1,2,1,1,2
4tsj97,0,0,0,0,0,0,1,1,2,2,1,3
4u27w6,0,0,0,0,0,0,4,1,5,2,1,3
4ua3yp,0,0,0,1,0,1,1,1,2,1,1,2
4uomx1,0,0,0,2,0,2,2,1,3,2,1,3
4v2v5z,0,0,0,0,0,0,1,1,2,9,1,10
4va9p8,0,0,0,0,0,0,17,1,18,8,3,11
4vak8y,0,0,0,1,0,1,1,1,2,3,1,4
4vj02i,0,0,0,1,0,1,3,1,4,1,1,2
4vnrkj,0,0,0,0,0,0,3,1,4,6,1,7
4vqeq0,0,0,0,1,0,1,1,1,2,1,1,2
4vtes6,0,0,0,0,0,0,1,1,2,4,1,5
4vz9cr,0,0,0,1,0,1,3,1,4,4,1,5
4wom8e,0,0,0,0,0,0,7,1,8,3,1,4
4wwtoa,0,0,0,2,0,2,3,1,4,1,1,2
4wzirj,0,0,0,2,0,2,1,1,2,2,1,3
4x2ppw,1,0,1,0,0,0,1,1,2,3,1,4
4x8b2i,0,0,0,1,1,2,17,1,18,1,1,2
4x9e53,0,0,0,0,0,0,2,1,3,5,1,6
4xlliw,0,0,0,0,0,0,3,1,4,4,1,5
4xuefn,0,0,0,2,0,2,5,1,6,2,1,3
4y2dz6,1,0,1,0,0,0,4,1,5,2,1,3
4y4aj8,0,0,0,0,0,0,2,1,3,1,1,2
4y6ft5,0,0,0,1,0,1,2,1,3,5,1,6
4yat71,0,0,0,0,1,1,4,3,7,9,3,12
4ykjuq,0,0,0,0,0,0,2,1,3,2,1,3
4yqpve,0,0,0,0,0,0,1,1,2,4,1,5
4yy1oj,0,0,0,0,0,0,1,2,3,3,1,4
4z5m22,0,0,0,0,0,0,2,1,3,6,1,7
4z5ma9,0,0,0,0,0,0,10,1,11,6,4,10
4zcpjp,0,0,0,0,0,0,15,1,16,5,1,6
504mak,0,0,0,0,0,0,2,1,3,1,1,2
506xkr,0,0,0,0,0,0,5,1,6,4,1,5
50r13z,0,0,0,0,0,0,1,1,2,1,1,2
50r36q,0,0,0,0,0,0,2,1,3,1,1,2
51bnxz,0,0,0,0,0,0,1,1,2,1,1,2
51brwq,0,0,0,0,0,0,5,1,6,10,1,11
51copk,0,0,0,2,0,2,1,1,2,1,1,2
51l6qk,0,0,0,3,0,3,2,1,3,3,1,4
51te5l,0,0,0,1,0,1,4,1,5,1,1,2
51vpi9,0,0,0,1,0,1,5,1,6,4,1,5
52clbc,0,0,0,0,0,0,1,1,2,4,1,5
5334iv,0,0,0,0,0,0,3,1,4,1,1,2
536vmv,0,0,0,2,0,2,6,1,7,5,2,7
53bojj,0,0,0,1,0,1,5,1,6,1,1,2
53kisw,0,0,0,0,0,0,1,1,2,2,1,3
53t6el,0,0,0,0,0,0,3,1,4,2,1,3
541ow2,0,0,0,2,0,2,2,1,3,1,1,2
5437u3,0,0,0,0,1,1,1,1,2,5,1,6
544b6y,0,0,0,0,0,0,1,1,2,2,1,3
547xk0,0,0,0,0,0,0,2,1,3,4,1,5
54h0b5,0,0,0,2,0,2,7,1,8,1,1,2
54z2gr,0,0,0,1,0,1,7,1,8,1,1,2
558wib,0,0,0,0,0,0,1,1,2,13,1,14
55uxwc,0,0,0,0,0,0,1,1,2,4,1,5
562151,0,0,0,1,0,1,6,1,7,1,1,2
56k52f,0,0,0,2,0,2,2,1,3,2,1,3
56q5sn,0,0,0,0,0,0,3,1,4,15,1,16
571gwq,0,0,0,2,0,2,2,1,3,2,1,3
57b81e,0,0,0,1,0,1,6,1,7,2,2,4
57cn44,0,0,0,0,0,0,4,1,5,3,1,4
57glud,0,0,0,0,0,0,2,1,3,7,1,8
57nut7,0,0,0,0,0,0,3,1,4,1,1,2
57seun,0,0,0,0,0,0,2,1,3,7,1,8
58574w,1,0,1,0,0,0,1,1,2,1,1,2
586064,0,0,0,0,0,0,1,1,2,1,1,2
588nhf,0,0,0,0,0,0,4,1,5,1,1,2
58cp0i,0,0,0,0,0,0,12,1,13,1,1,2
58hs2x,0,0,0,0,0,0,1,1,2,5,1,6
58shma,0,0,0,0,0,0,1,1,2,2,1,3
592hyh,0,0,0,0,0,0,1,1,2,1,1,2
59jg61,0,0,0,0,0,0,1,1,2,2,1,3
59qrgv,0,0,0,3,0,3,4,1,5,2,1,3
59wii7,0,0,0,0,0,0,1,1,2,3,1,4
5a7mz8,0,0,0,0,0,0,5,1,6,5,1,6
5am3fx,0,0,0,0,0,0,1,1,2,1,1,2
5b1nkr,0,0,0,0,0,0,3,1,4,3,1,4
5b1quf,1,0,1,1,0,1,1,1,2,5,1,6
5b483u,0,0,0,0,0,0,1,1,2,1,1,2
5b5jzl,0,0,0,0,0,0,1,1,2,2,1,3
5bhfc5,0,0,0,0,0,0,5,1,6,9,1,10
5bn7u0,0,0,0,0,0,0,1,1,2,4,1,5
5bwac5,0,0,0,0,1,1,2,1,3,2,1,3
5c1dp2,0,0,0,0,0,0,4,1,5,6,1,7
5ciw72,0,0,0,1,0,1,6,1,7,8,1,9
5ckyug,0,0,0,0,0,0,1,1,2,4,1,5
5cpz0k,0,0,0,1,0,1,1,1,2,1,1,2
5egzb4,0,0,0,1,0,1,1,1,2,10,1,11
5eqavm,0,0,0,1,0,1,2,1,3,2,1,3
5esp73,0,0,0,0,0,0,6,1,7,7,1,8
5evio5,0,0,0,0,0,0,2,1,3,3,2,5
5f0tug,0,0,0,1,0,1,4,1,5,13,3,16
5f3fwg,3,0,3,0,0,0,15,1,16,17,1,18
5g3rvc,0,0,0,0,0,0,1,1,2,1,1,2
5g6viv,0,0,0,0,0,0,2,1,3,4,1,5
5g7m1z,0,0,0,0,0,0,3,1,4,3,1,4
5gb8uw,0,0,0,0,0,0,1,1,2,4,3,7
5gchx2,0,0,0,1,0,1,1,1,2,10,1,11
5gewuy,0,0,0,0,0,0,2,1,3,4,1,5
5gfacz,0,0,0,0,0,0,1,1,2,11,1,12
5giohb,0,0,0,0,0,0,11,1,12,2,1,3
5h4x1t,0,0,0,0,0,0,4,1,5,2,4,6
5h7vgu,0,0,0,0,0,0,2,1,3,3,1,4
5hksha,0,0,0,0,0,0,4,1,5,1,1,2
5hojpj,0,0,0,0,0,0,9,1,10,4,1,5
5hwsiu,0,0,0,0,0,0,3,1,4,4,1,5
5i9yhf,0,0,0,0,0,0,5,1,6,2,1,3
5icy8k,0,0,0,0,0,0,4,1,5,2,1,3
5igiwk,0,0,0,0,0,0,1,1,2,3,1,4
5iiult,0,0,0,0,0,0,1,1,2,3,1,4
5ixah2,0,0,0,2,1,3,5,1,6,2,1,3
5j5k0p,0,0,0,1,0,1,2,1,3,1,1,2
5j76vd,0,0,0,0,0,0,1,1,2,3,1,4
5jfhfk,0,0,0,2,0,2,6,1,7,1,1,2
5k2s6o,0,0,0,1,0,1,2,1,3,1,1,2
5k4mde,0,0,0,1,0,1,2,1,3,3,1,4
5k6p4r,2,0,2,3,0,3,2,1,3,3,1,4
5kd3l7,0,0,0,0,0,0,2,1,3,4,1,5
5ky2qj,0,0,0,1,0,1,1,1,2,1,1,2
5l9oqw,0,0,0,0,0,0,5,1,6,5,1,6
5lc7q8,0,0,0,1,0,1,6,1,7,6,1,7
5lffr4,0,0,0,0,2,2,1,1,2,4,1,5
5lhfkv,0,0,0,0,0,0,3,1,4,3,1,4
5li94w,0,0,0,0,0,0,2,1,3,1,1,2
5liweb,0,0,0,1,0,1,2,1,3,1,1,2
5lot8n,0,0,0,0,0,0,5,1,6,2,1,3
5lrb3w,0,0,0,0,0,0,6,1,7,1,1,2
5lrnix,0,0,0,0,0,0,1,1,2,2,1,3
5m0q1z,0,0,0,0,0,0,1,1,2,2,1,3
5mcvvb,0,0,0,0,0,0,1,1,2,1,1,2
5moozf,0,0,0,1,0,1,3,1,4,6,1,7
5n20of,0,0,0,0,0,0,2,1,3,2,1,3
5n3dgq,0,0,0,0,0,0,3,1,4,3,3,6
5n7bbk,0,0,0,1,0,1,1,1,2,1,1,2
5n7mw3,1,0,1,0,0,0,7,1,8,1,1,2
5ng8qj,0,0,0,0,0,0,4,1,5,2,1,3
5ngate,0,0,0,1,0,1,6,1,7,3,1,4
5nj827,0,0,0,1,0,1,2,1,3,5,1,6
5nmct8,0,0,0,2,0,2,1,1,2,4,1,5
5o0fkz,0,0,0,0,0,0,11,1,12,1,1,2
5o0t8u,0,0,0,1,0,1,4,1,5,1,1,2
5ocuax,0,0,0,2,0,2,3,1,4,12,1,13
5oe23e,0,0,0,2,0,2,1,1,2,1,1,2
5opekg,0,0,0,1,0,1,5,1,6,4,1,5
5ou0t7,0,0,0,0,1,1,2,1,3,5,1,6
5oyf0i,0,0,0,1,0,1,1,1,2,8,1,9
5p1fcn,0,0,0,0,0,0,10,1,11,1,1,2
5p7jq4,0,0,0,0,0,0,2,1,3,1,1,2
5pfbym,0,0,0,0,0,0,3,1,4,3,1,4
5pflfn,0,0,0,0,0,0,6,1,7,7,1,8
5pg8ot,0,0,0,0,0,0,1,1,2,1,1,2
5pnbot,0,0,0,0,0,0,4,1,5,2,1,3
5qj9j2,0,0,0,0,0,0,3,1,4,1,1,2
5qjow7,0,0,0,0,1,1,2,1,3,1,1,2
5qohtc,0,0,0,1,0,1,3,1,4,1,1,2
5r0kft,0,0,0,0,0,0,1,1,2,3,1,4
5r20pd,0,0,0,0,0,0,3,1,4,2,1,3
5r2xtw,0,0,0,0,0,0,5,1,6,1,1,2
5r4pix,0,0,0,0,0,0,1,1,2,1,1,2
5r8dhq,0,0,0,0,0,0,6,1,7,7,1,8
5rweqx,0,0,0,1,0,1,1,1,2,2,1,3
5rx13x,0,0,0,0,0,0,1,1,2,1,1,2
5s1ulx,0,0,0,0,0,0,1,1,2,2,1,3
5s7kkh,0,0,0,0,0,0,2,1,3,3,1,4
5shhrs,0,0,0,0,0,0,1,1,2,4,1,5
5si0dn,0,0,0,1,0,1,1,1,2,1,1,2
5t3eiq,0,0,0,0,0,0,1,1,2,4,1,5
5t60zg,0,0,0,1,0,1,8,1,9,4,1,5
5t8lm4,0,0,0,0,0,0,2,1,3,1,1,2
5tdimf,0,0,0,0,0,0,5,1,6,4,1,5
5tefrq,0,0,0,0,0,0,1,1,2,3,1,4
5tkn4l,0,0,0,0,0,0,1,1,2,1,1,2
5u09pt,0,0,0,0,1,1,1,1,2,2,1,3
5ugx2g,0,0,0,2,0,2,3,1,4,3,1,4
5ujjn9,0,0,0,2,0,2,1,1,2,5,1,6
5up78c,0,0,0,0,0,0,2,1,3,7,1,8
5uqbu7,0,0,0,0,0,0,6,1,7,3,1,4
5urr0b,0,0,0,1,0,1,3,1,4,4,1,5
5ut6ci,0,0,0,4,0,4,1,1,2,1,1,2
5ute9k,0,0,0,0,0,0,5,1,6,3,1,4
5uugfb,0,0,0,0,0,0,5,1,6,1,1,2
5uw8su,0,0,0,0,0,0,2,1,3,3,1,4
5uz6i3,0,0,0,0,0,0,1,1,2,1,1,2
5v38hx,0,0,0,0,0,0,5,1,6,5,1,6
5v9nrl,0,0,0,1,0,1,5,1,6,2,1,3
5viby0,0,0,0,0,0,0,4,1,5,5,1,6
5vp6dp,0,0,0,0,0,0,1,1,2,1,1,2
5vvz8z,0,0,0,0,0,0,6,1,7,3,1,4
5w9o52,0,0,0,1,0,1,13,1,14,1,1,2
5x2did,0,0,0,3,0,3,4,1,5,2,1,3
5x3g59,0,0,0,0,0,0,2,1,3,3,1,4
5x4z4u,0,0,0,1,1,2,3,1,4,4,1,5
5x7kym,0,0,0,0,0,0,2,1,3,1,1,2
5xpmwf,0,0,0,1,0,1,9,1,10,4,1,5
5xqkk8,0,0,0,0,0,0,5,1,6,1,1,2
5y8x5p,0,0,0,0,0,0,1,1,2,3,1,4
5y950s,0,0,0,0,0,0,5,1,6,1,1,2
5yop17,0,0,0,2,0,2,20,3,23,1,1,2
5yr6xf,0,0,0,0,0,0,2,1,3,11,1,12
5yyaqo,0,0,0,1,0,1,3,1,4,2,1,3
5yz8is,0,0,0,1,1,2,2,1,3,4,1,5
5zcgey,0,0,0,0,0,0,2,1,3,2,1,3
5zd25b,0,0,0,0,0,0,2,1,3,3,1,4
5zjeho,0,0,0,0,0,0,4,1,5,7,1,8
5zo7g7,0,0,0,0,0,0,2,1,3,1,1,2
604m76,0,0,0,0,0,0,3,1,4,3,1,4
60t6ka,1,0,1,0,0,0,1,1,2,1,1,2
60u4ks,0,0,0,1,0,1,3,1,4,1,1,2
611wmu,0,0,0,0,0,0,1,1,2,4,1,5
61ddms,2,0,2,0,0,0,2,1,3,2,1,3
61hc4d,0,0,0,1,0,1,3,1,4,3,1,4
61hrdm,0,0,0,3,0,3,1,1,2,1,3,4
61o3ro,0,0,0,1,0,1,3,1,4,2,1,3
61qdwp,0,0,0,0,0,0,1,1,2,1,1,2
61rrgw,0,0,0,0,0,0,2,1,3,3,1,4
61sx89,0,0,0,0,0,0,1,1,2,2,1,3
61v7mp,0,0,0,0,0,0,2,1,3,3,2,5
61wh91,0,0,0,0,0,0,2,1,3,3,1,4
620j0f,0,0,0,0,0,0,14,1,15,1,1,2
620s37,0,0,0,1,0,1,4,1,5,2,1,3
62ax05,0,0,0,0,0,0,1,1,2,3,1,4
62edw6,0,0,0,0,0,0,2,1,3,1,1,2
62mpft,0,0,0,2,0,2,6,1,7,1,1,2
62yk1k,0,0,0,1,0,1,4,4,8,3,1,4
63a5d3,0,0,0,1,0,1,1,1,2,6,1,7
63a67z,0,0,0,0,0,0,2,1,3,3,1,4
63iaaz,0,0,0,0,0,0,1,1,2,1,1,2
63mpcd,0,0,0,1,0,1,3,1,4,1,1,2
63wd61,0,1,1,2,0,2,1,1,2,5,1,6
64e333,0,0,0,1,0,1,2,1,3,4,1,5
64eewb,0,0,0,2,0,2,3,1,4,1,1,2
64egtu,0,0,0,0,0,0,4,1,5,4,1,5
64yude,0,0,0,0,0,0,6,1,7,1,1,2
651iuj,0,0,0,0,0,0,7,1,8,1,1,2
65ks0o,0,0,0,0,0,0,1,1,2,4,1,5
65ngpz,0,0,0,0,0,0,2,1,3,2,1,3
65qos3,0,0,0,0,0,0,3,1,4,4,1,5
65u25o,0,0,0,0,0,0,48,1,49,1,1,2
6672n7,0,0,0,0,0,0,3,1,4,1,1,2
66irxf,0,0,0,0,0,0,9,1,10,1,1,2
66rge2,0,0,0,2,0,2,6,2,8,1,7,8
670yjv,0,0,0,0,0,0,3,1,4,3,1,4
6726sv,0,0,0,0,0,0,20,1,21,5,1,6
67386v,0,0,0,1,0,1,1,1,2,1,1,2
6763xv,0,0,0,0,0,0,1,1,2,2,1,3
678sbh,0,0,0,0,0,0,1,1,2,2,1,3
67b2an,0,0,0,2,0,2,3,1,4,2,1,3
67bs7h,0,0,0,0,0,0,4,1,5,6,1,7
67camn,0,0,0,0,1,1,1,1,2,2,1,3
67hzco,0,0,0,1,0,1,1,1,2,1,1,2
67jil9,0,1,1,2,0,2,2,1,3,2,1,3
67lb1x,0,0,0,0,0,0,6,1,7,2,1,3
67m4ui,0,0,0,1,0,1,2,1,3,3,1,4
67xcm0,0,0,0,1,0,1,2,1,3,1,1,2
685ayy,1,0,1,0,0,0,1,1,2,6,1,7
687vl2,0,0,0,0,0,0,8,1,9,1,1,2
6887be,0,0,0,1,0,1,8,1,9,2,1,3
68fu93,0,0,0,1,0,1,2,1,3,2,1,3
68h55y,0,0,0,0,0,0,1,1,2,1,1,2
68n8lc,0,0,0,2,0,2,7,1,8,2,7,9
68sg3a,0,0,0,0,0,0,3,1,4,2,1,3
696t6q,0,0,0,0,0,0,3,1,4,3,1,4
696ybx,0,0,0,2,0,2,2,1,3,1,1,2
69a8pm,0,0,0,0,0,0,2,1,3,3,1,4
69dzoh,0,0,0,0,0,0,7,2,9,1,3,4
69r3ti,0,0,0,0,1,1,2,1,3,1,1,2
69ru8z,0,0,0,0,0,0,7,1,8,2,1,3
69x4ks,0,0,0,0,0,0,1,1,2,1,1,2
6a3vpz,0,0,0,0,0,0,3,1,4,1,1,2
6a45ma,0,0,0,0,0,0,3,1,4,1,1,2
6aabqi,0,0,0,1,0,1,3,1,4,1,1,2
6aam1g,0,0,0,0,0,0,2,1,3,1,1,2
6awsnu,0,0,0,0,0,0,7,1,8,1,1,2
6b3k3k,0,0,0,2,0,2,5,5,10,1,1,2
6b6pnr,0,0,0,0,0,0,1,1,2,1,1,2
6bcxgg,1,0,1,1,0,1,1,1,2,5,1,6
6bhihv,0,0,0,1,0,1,9,1,10,3,1,4
6bhn5f,0,0,0,0,0,0,5,3,8,3,1,4
6c2xyp,0,0,0,1,0,1,7,1,8,3,1,4
6cdkuw,0,0,0,0,0,0,1,1,2,1,1,2
6cjeoj,0,0,0,0,0,0,1,1,2,8,1,9
6cos1x,0,0,0,0,0,0,2,1,3,1,1,2
6d1wbr,0,0,0,0,0,0,5,1,6,6,1,7
6d6rgp,0,0,0,0,0,0,5,1,6,3,1,4
6d8hf9,0,0,0,0,0,0,2,1,3,1,1,2
6d98h9,0,0,0,0,0,0,1,1,2,1,1,2
6d9i95,0,0,0,0,0,0,8,1,9,2,1,3
6dqnj2,0,0,0,0,0,0,1,1,2,5,1,6
6dr83h,0,0,0,0,0,0,10,1,11,1,1,2
6dsy6u,0,0,0,1,0,1,4,1,5,1,1,2
6dxk2h,0,0,0,2,0,2,2,1,3,4,1,5
6e9foj,0,0,0,0,0,0,18,1,19,4,1,5
6ec8a3,0,0,0,2,0,2,1,1,2,1,1,2
6eef22,0,0,0,1,0,1,2,1,3,1,1,2
6ego34,0,0,0,1,0,1,1,1,2,1,1,2
6f0kmd,0,0,0,1,0,1,3,1,4,1,1,2
6f0ljc,0,0,0,0,0,0,4,1,5,16,1,17
6f0mbl,0,0,0,0,0,0,6,1,7,4,1,5
6f1qcn,0,0,0,1,0,1,1,1,2,1,2,3
6f49ni,0,0,0,0,0,0,6,1,7,4,1,5
6fet8g,0,0,0,1,0,1,2,1,3,5,1,6
6fpgpv,0,0,0,1,0,1,2,1,3,1,1,2
6fqt3k,0,0,0,1,0,1,18,1,19,10,1,11
6fwi1f,0,0,0,1,0,1,6,1,7,1,1,2
6gjc9z,0,0,0,1,0,1,1,1,2,1,1,2
6h6amn,0,0,0,0,0,0,5,1,6,8,1,9
6he3c3,0,0,0,1,0,1,4,1,5,2,1,3
6het1f,0,0,0,0,0,0,1,1,2,1,1,2
6hjzsy,0,0,0,0,0,0,7,1,8,2,1,3
6hnvhk,0,0,0,0,0,0,3,1,4,10,1,11
6hr42h,0,0,0,0,0,0,3,1,4,3,1,4
6hrlxz,0,0,0,1,0,1,2,1,3,9,1,10
6htpc3,0,2,2,0,0,0,5,1,6,1,1,2
6i08fh,0,0,0,0,0,0,1,1,2,1,1,2
6i0uys,0,0,0,0,0,0,3,1,4,3,1,4
6i8ncu,0,0,0,2,0,2,5,1,6,4,1,5
6iawjc,0,0,0,0,0,0,3,1,4,1,1,2
6iedp7,0,0,0,1,0,1,17,3,20,6,1,7
6iha8a,0,0,0,0,0,0,1,1,2,1,1,2
6ii30j,0,0,0,1,0,1,8,1,9,6,1,7
6il2ts,0,0,0,0,0,0,5,1,6,6,1,7
6im53i,0,0,0,4,0,4,1,1,2,1,1,2
6iv38b,1,0,1,0,0,0,1,1,2,2,1,3
6iv8pj,0,0,0,2,0,2,6,1,7,2,1,3
6j3wq5,0,0,0,1,0,1,1,1,2,1,1,2
6j71ui,0,0,0,0,0,0,2,1,3,4,1,5
6jbo0z,0,0,0,0,0,0,32,1,33,1,1,2
6jkhj0,0,0,0,0,1,1,7,1,8,5,1,6
6jnhoe,0,0,0,1,0,1,4,1,5,1,1,2
6joyry,0,0,0,0,0,0,5,1,6,4,1,5
6jrqs4,0,0,0,0,0,0,2,1,3,1,1,2
6jvnsw,0,0,0,0,0,0,6,1,7,1,1,2
6k1nho,0,0,0,1,1,2,3,3,6,1,11,12
6k9rid,0,0,0,0,0,0,5,1,6,3,1,4
6kapt6,1,0,1,0,0,0,2,1,3,1,1,2
6ke3qz,0,0,0,1,0,1,13,1,14,1,1,2
6kfgg0,0,0,0,0,0,0,4,1,5,2,1,3
6kgun0,0,0,0,0,0,0,3,1,4,2,1,3
6klx1i,0,0,0,0,0,0,4,1,5,1,1,2
6ksucc,0,0,0,0,1,1,1,1,2,2,1,3
6kub28,0,0,0,0,0,0,6,1,7,6,1,7
6l4mfi,0,0,0,0,0,0,3,1,4,3,1,4
6l5d0v,0,0,0,1,0,1,1,1,2,1,1,2
6l7gdc,0,0,0,0,0,0,3,1,4,2,1,3
6ld724,0,0,0,0,0,0,3,1,4,1,1,2
6lup11,0,0,0,0,0,0,1,1,2,1,1,2
6m2vhy,0,0,0,0,0,0,1,1,2,4,1,5
6m3zd1,0,0,0,0,0,0,2,1,3,2,1,3
6m4eid,0,0,0,0,0,0,2,8,10,1,1,2
6m5rgw,0,0,0,0,0,0,2,1,3,6,1,7
6m9g62,0,0,0,1,0,1,1,1,2,1,1,2
6mfzvg,0,0,0,0,0,0,3,1,4,1,1,2
6mk3bn,0,0,0,0,0,0,6,1,7,2,1,3
6mp1y6,0,0,0,0,0,0,4,1,5,1,1,2
6mpudd,0,0,0,0,0,0,2,1,3,3,1,4
6mrmbc,0,0,0,3,0,3,3,1,4,4,1,5
6myh47,0,0,0,0,0,0,1,1,2,1,1,2
6n2j5i,0,0,0,0,0,0,3,1,4,6,1,7
6n6szj,0,0,0,2,0,2,1,1,2,2,1,3
6nhsgl,0,0,0,0,0,0,2,1,3,2,1,3
6nu7az,0,0,0,0,0,0,2,1,3,1,1,2
6o9gpg,0,0,0,0,0,0,1,1,2,4,1,5
6o9mw4,0,0,0,0,0,0,1,1,2,5,1,6
6os9ab,0,0,0,0,0,0,1,2,3,2,1,3
6otiiv,0,0,0,0,0,0,2,1,3,1,1,2
6ow26j,0,0,0,3,0,3,7,1,8,3,1,4
6oww5a,0,0,0,0,0,0,4,1,5,2,1,3
6p9pym,0,0,0,0,0,0,4,1,5,3,1,4
6paf21,0,0,0,0,0,0,2,1,3,3,1,4
6pcwhc,0,0,0,0,0,0,1,1,2,2,1,3
6pdius,0,0,0,1,0,1,1,1,2,1,1,2
6pw8hw,0,0,0,0,0,0,10,1,11,5,1,6
6qb16d,0,0,0,0,1,1,1,1,2,4,1,5
6qf4or,0,0,0,0,0,0,9,1,10,5,1,6
6qfkk3,0,0,0,1,0,1,4,1,5,6,1,7
6qigw4,0,0,0,0,0,0,2,1,3,2,1,3
6qjb3w,0,0,0,0,0,0,3,1,4,5,1,6
6qm2mz,0,0,0,0,0,0,4,1,5,8,1,9
6qm82p,0,0,0,1,0,1,2,1,3,1,1,2
k3hdk,0,0,0,0,0,0,1,1,2,3,1,4
k4kuv,0,0,0,0,0,0,2,1,3,1,1,2
khhwb,1,0,1,0,0,0,4,1,5,5,1,6
kjzsb,0,0,0,0,0,0,5,1,6,3,1,4
kmi03,0,0,0,0,0,0,4,1,5,3,1,4
kn2w2,0,0,0,0,0,0,2,1,3,1,1,2
koqgd,0,0,0,2,3,5,5,1,6,4,1,5
lg5us,0,0,0,0,0,0,2,1,3,1,1,2
lmn22,0,0,0,0,0,0,10,1,11,3,1,4
lnjqc,0,0,0,0,0,0,2,1,3,3,1,4
lr6cs,0,0,0,0,0,0,2,1,3,2,1,3
m1dsx,0,0,0,0,0,0,2,1,3,8,1,9
m1qkf,0,0,0,1,0,1,2,1,3,2,1,3
m2uws,0,0,0,0,1,1,5,1,6,1,1,2
m3n2r,0,0,0,0,0,0,3,1,4,2,3,5
m88wk,0,0,0,0,0,0,1,1,2,1,1,2
mcm4h,0,0,0,0,0,0,1,1,2,5,2,7
myqod,0,0,0,1,0,1,2,1,3,16,1,17
mzl0p,0,0,0,0,0,0,5,1,6,1,1,2
mzlub,1,0,1,0,0,0,3,1,4,7,1,8
mzyse,0,0,0,0,0,0,1,1,2,10,1,11
nh0d4,0,0,0,0,0,0,3,1,4,3,1,4
nmo80,0,0,0,1,0,1,3,1,4,1,1,2
npvo8,0,0,0,0,0,0,2,1,3,1,1,2
ns2lq,0,0,0,0,0,0,1,1,2,1,1,2
nujoc,0,0,0,0,0,0,2,1,3,3,1,4
nyhhk,0,0,0,0,0,0,3,1,4,1,1,2
o0m65,0,0,0,1,0,1,7,1,8,1,1,2
o7mpk,0,0,0,0,1,1,4,1,5,3,1,4
obn7w,0,0,0,0,0,0,1,1,2,5,1,6
otpgj,0,0,0,0,0,0,8,1,9,1,1,2
p2pr9,0,0,0,0,0,0,9,1,10,1,1,2
p33th,1,0,1,1,0,1,4,1,5,1,1,2
pbozy,0,0,0,2,0,2,10,8,18,2,1,3
pj62v,0,0,0,0,0,0,3,1,4,1,1,2
pml7j,0,0,0,1,0,1,4,1,5,3,1,4
poc3m,0,0,0,1,0,1,3,1,4,1,1,2
px36c,0,0,0,1,0,1,2,1,3,4,1,5
pxi4j,0,0,0,0,0,0,10,1,11,6,1,7
qau8l,0,0,0,0,0,0,1,1,2,1,1,2
qhiaw,0,0,0,0,0,0,1,1,2,3,1,4
qkxfd,0,0,0,0,0,0,2,1,3,4,1,5
qldpn,0,0,0,1,0,1,4,1,5,1,1,2
qxlej,0,0,0,0,0,0,1,1,2,1,1,2
r3lfn,0,0,0,0,0,0,3,1,4,3,1,4
r5osy,0,0,0,0,0,0,2,1,3,1,1,2
r9z6l,0,0,0,0,0,0,1,1,2,2,1,3
relng,0,0,0,0,0,0,4,1,5,3,1,4
rgcd7,0,0,0,0,0,0,2,1,3,1,1,2
s3988,0,0,0,1,0,1,4,1,5,1,1,2
s6iwc,0,0,0,0,0,0,1,1,2,4,1,5
s7115,0,0,0,0,0,0,1,1,2,1,1,2
s9eos,2,0,2,0,0,0,14,1,15,4,1,5
s9hy8,0,0,0,1,0,1,1,1,2,1,1,2
sdrne,1,0,1,1,0,1,1,1,2,1,1,2
shqac,0,0,0,4,0,4,2,1,3,2,1,3
siyq3,0,0,0,0,0,0,16,1,17,2,1,3
sjygc,0,0,0,1,0,1,4,1,5,2,1,3
sl6u8,0,0,0,0,0,0,2,1,3,5,1,6
slgmb,0,0,0,0,0,0,1,1,2,5,1,6
ssbtx,0,0,0,1,0,1,1,1,2,3,1,4
ssuhu,1,0,1,0,1,1,4,1,5,3,1,4
stvol,0,0,0,0,0,0,3,1,4,5,1,6
tdi70,0,0,0,0,0,0,9,1,10,7,1,8
tn435,0,0,0,0,0,0,3,1,4,2,1,3
to7uf,0,0,0,0,0,0,2,1,3,2,1,3
u90in,0,0,0,1,0,1,15,1,16,1,1,2
uarri,0,0,0,1,0,1,2,1,3,4,1,5
ug3wu,0,0,0,0,0,0,1,1,2,1,1,2
upasm,0,0,0,2,0,2,5,1,6,1,1,2
uwtke,0,0,0,0,0,0,1,1,2,2,2,4
uxmw7,0,0,0,0,0,0,13,1,14,5,1,6
uxwn6,0,0,0,0,0,0,3,1,4,2,1,3
uxyaz,0,0,0,0,0,0,1,1,2,3,1,4
v0uav,0,0,0,0,0,0,1,1,2,1,1,2
v830o,0,0,0,3,0,3,1,1,2,1,1,2
vcvm7,0,0,0,0,0,0,2,1,3,1,1,2
vh40m,0,0,0,1,0,1,3,1,4,2,1,3
vlpwc,0,0,0,0,0,0,5,1,6,4,3,7
vmlme,0,0,0,0,0,0,6,1,7,2,1,3
vqei9,3,0,3,0,0,0,7,1,8,1,1,2
vrzvt,0,0,0,0,0,0,1,1,2,1,1,2
vtirh,0,0,0,0,0,0,3,1,4,5,1,6
vwvhv,0,0,0,0,0,0,1,1,2,2,1,3
vy3qn,0,0,0,0,0,0,5,1,6,7,1,8
w5qui,0,0,0,2,0,2,3,1,4,4,1,5
w8pdm,0,0,0,0,0,0,2,1,3,1,1,2
wciof,0,0,0,0,0,0,11,1,12,1,5,6
wd8kj,0,0,0,0,0,0,7,1,8,3,1,4
wpzm0,0,0,0,0,0,0,3,1,4,8,1,9
wx4ra,0,0,0,0,0,0,10,1,11,1,1,2
wych2,0,0,0,0,0,0,5,1,6,3,1,4
x3ct1,0,0,0,0,0,0,1,1,2,2,1,3
xc5ga,0,0,0,0,0,0,3,1,4,2,1,3
xcth2,0,0,0,2,0,2,4,1,5,9,1,10
xh69q,0,0,0,0,0,0,5,1,6,3,1,4
xhhlo,0,0,0,0,0,0,16,1,17,1,1,2
xhpp6,0,0,0,0,0,0,5,1,6,3,1,4
xwrru,0,0,0,0,0,0,1,1,2,5,1,6
xxjuo,0,0,0,1,0,1,20,1,21,2,1,3
xza75,0,0,0,0,0,0,1,1,2,1,1,2
y1nlh,0,0,0,0,0,0,1,1,2,5,2,7
ya83z,0,0,0,0,0,0,6,1,7,2,1,3
yfxfr,0,0,0,1,0,1,2,1,3,10,1,11
yhypg,0,0,0,0,0,0,4,1,5,5,1,6
yuzcs,0,0,0,1,0,1,1,1,2,3,1,4
z2yg2,0,0,0,0,0,0,3,1,4,1,1,2
z8y80,0,0,0,0,0,0,1,1,2,2,1,3
zcdnl,0,0,0,1,0,1,5,1,6,1,1,2
zd5vl,0,0,0,0,0,0,4,1,5,2,1,3
zdn33,0,0,0,2,0,2,1,1,2,3,1,4
zdz25,0,0,0,1,0,1,6,1,7,1,1,2
zme1s,0,0,0,0,0,0,2,1,3,1,2,3
zrq2e,0,0,0,1,0,1,3,1,4,2,1,3
zugcq,1,0,1,0,0,0,1,1,2,2,1,3
