ID,# Words,# Sentences,Flesch score,Flesch-Kincaid,Automated Rdb. Index
10gvsh,39,5,88.94,2.8,8.7
10tqw6,95,5,86.03,6.0,8.6
10u1ce,46,4,59.8,7.8,14.2
1106mj,28,1,51.52,13.0,16.3
11fhdf,43,3,82.34,5.3,10.4
11h2xa,21,4,-26.97,18.3,44.2
11ms2h,81,4,59.33,10.0,13.3
11nniy,13,1,41.36,10.7,17.3
11oxif,33,2,88.57,5.0,5.9
11prhd,79,8,44.51,9.5,19.4
11tltq,48,4,76.22,5.6,9.9
11ycep,14,1,74.19,6.4,13.8
11zedd,106,9,67.96,6.7,11.1
120ww0,52,5,86.3,3.8,11.6
124iqq,290,28,94.76,2.6,8.1
126xej,42,3,65.73,7.6,14.5
128z5l,17,1,62.68,8.7,11.8
12aufe,11,2,99.73,0.7,1.9
12ifq2,76,5,72.97,6.9,10.7
12j985,68,6,85.39,4.2,11.5
12ko6p,14,2,64.37,6.0,10.0
12r9wx,53,3,87.35,5.5,9.3
12rll1,18,2,96.18,2.1,4.0
12sy3w,31,3,61.02,7.3,11.7
12uukn,25,1,79.94,8.3,13.1
12xb6d,34,3,76.93,5.3,6.4
1300ha,17,1,79.6,6.4,11.8
131xox,18,1,36.28,12.7,18.2
139jol,123,7,78.99,6.6,11.1
13dwdh,85,5,88.06,5.2,7.5
13f82g,48,4,84.68,4.4,6.8
13imzy,13,2,73.34,4.6,15.2
13k6hq,30,3,78.25,4.8,6.3
13lq00,24,3,80.28,4.1,8.9
13nmxq,34,1,45.43,15.4,23.1
13pgkr,15,2,-54.59,22.7,59.0
13r0i5,40,3,57.98,8.5,19.3
13tzuy,26,1,62.01,11.1,15.1
146t6w,29,2,56.76,8.9,17.0
146xkz,117,7,79.9,6.3,9.3
14dkum,49,2,55.07,11.7,17.3
14dxz5,15,1,64.71,8.0,10.2
14juuu,56,5,77.03,5.3,11.0
14lj6b,36,2,70.13,8.0,11.9
14mvy4,38,3,92.42,3.5,5.6
14phad,31,3,61.02,7.3,19.2
14ppwv,14,4,-8.23,15.3,34.5
14z0qf,20,1,68.1,8.7,13.1
15496r,142,9,80.82,5.9,9.6
154vma,75,3,63.02,10.7,17.5
15a1hq,75,5,64.71,8.0,11.8
15f0uv,37,4,87.42,3.4,5.7
15hq2y,54,5,102.81,1.6,4.5
15jhgt,124,13,87.21,3.5,6.8
15luqp,69,5,91.31,4.0,6.8
15o7tb,90,8,76.93,5.3,12.3
15ux8p,20,1,59.64,9.9,12.4
160238,20,1,68.1,8.7,12.4
160dlt,45,2,57.1,10.9,17.5
161zq6,84,3,43.06,14.2,27.8
1649re,23,4,-10.56,16.2,35.1
166itb,35,4,87.92,3.2,8.7
169x2g,40,2,42.72,12.3,31.8
16gpd4,28,2,82.65,5.2,7.1
16ivx9,48,3,80.62,6.0,7.8
16tcbr,23,2,68.26,6.6,12.6
16vsy1,66,4,80.11,6.2,7.6
16whfb,112,5,65.66,9.7,15.5
16yxw8,25,2,58.79,8.2,13.1
17420e,15,3,41.02,8.8,21.0
17c42t,36,2,53.21,10.3,15.5
17s9ku,46,1,50.17,17.7,23.1
17x0il,88,6,65.01,7.8,11.4
182uxg,101,5,34.05,13.5,15.2
18597c,11,1,77.23,5.2,12.8
189hxi,47,4,93.34,3.2,6.1
189ogg,48,3,63.7,8.4,14.8
18e1x1,13,1,58.28,8.4,13.7
18koev,86,6,82.34,5.3,8.3
18nm24,24,1,64.04,10.3,15.1
18pmcm,49,4,92.83,3.4,7.1
18xsis,27,3,70.8,5.6,12.7
18z6p4,35,2,79.09,6.6,10.4
190iq3,53,3,61.97,9.0,11.3
193azj,66,9,13.31,13.2,41.7
194b05,71,6,84.88,4.4,6.9
194zc7,19,3,56.62,6.9,10.5
197uzl,5,1,49.48,7.6,12.2
19ctcs,58,3,68.81,8.5,18.1
19g4gy,46,5,79.06,4.5,8.9
19gqi1,45,4,85.39,4.2,5.0
19ixrk,25,3,96.89,1.8,2.3
19mn54,75,7,94.45,2.7,5.2
19nxqz,14,1,74.19,6.4,19.9
19obb1,133,10,83.36,4.9,9.0
19ojkl,68,2,36.97,16.6,22.8
19v16n,66,5,75.0,6.1,13.2
19wk7h,63,3,92.46,5.6,9.6
1a2zau,26,2,66.74,7.2,13.1
1a3otv,24,2,59.3,8.0,11.8
1ac42l,31,2,72.66,7.0,10.8
1acn0u,30,3,69.79,6.0,8.5
1ag7r7,55,4,91.31,4.0,6.7
1ag9d9,97,5,85.62,6.1,9.2
1aiaj8,12,1,76.22,5.6,12.8
1alxmo,10,2,74.86,4.1,10.3
1an2j2,55,3,69.82,8.1,15.9
1aqsq4,6,1,90.77,2.1,5.9
1asnr5,73,3,72.19,9.2,11.3
1at6f6,34,2,71.14,7.6,10.2
1axa14,22,1,57.61,10.7,21.3
1aypmu,47,3,80.92,5.9,6.8
1b35jt,31,4,63.56,6.3,13.3
1bhqgl,306,10,48.88,14.0,31.2
1bqea4,88,4,74.53,8.3,15.4
1brt24,134,9,81.73,5.6,8.7
1bvzck,12,1,67.76,6.8,14.0
1c0imi,22,1,49.15,11.9,16.6
1cf2zt,18,2,62.34,6.8,12.6
1cg947,22,3,80.99,3.8,9.6
1cigth,13,1,41.36,10.7,16.3
1cs0yy,9,1,79.26,4.4,9.8
1csb8n,267,14,69.01,8.4,13.2
1cu241,36,2,53.21,10.3,16.0
1d8c1j,54,4,74.69,6.2,9.9
1d9mc8,29,3,95.47,2.4,6.0
1dgeip,74,8,-31.03,19.9,48.2
1dj0z0,11,2,74.35,4.3,22.0
1dkavr,46,3,89.79,4.5,7.5
1dlszs,76,8,95.67,2.3,6.8
1dlxdp,24,3,71.82,5.2,11.8
1e0tip,9,1,53.88,8.0,14.0
1e1xne,31,1,23.09,17.7,34.5
1e7pqu,72,7,94.86,2.6,4.3
1ef39n,14,1,65.73,7.6,20.2
1ena7u,41,3,82.95,5.1,7.6
1er68i,22,3,64.07,6.1,13.1
1ewp5l,21,1,84.0,6.8,15.5
1f0qpc,34,3,60.01,7.7,20.3
1f155z,43,5,71.21,5.5,13.3
1f31nb,39,2,60.14,9.7,15.3
1f4tkr,52,2,70.47,9.9,13.8
1f62qm,15,2,72.32,5.0,9.6
1f8rsz,63,4,72.36,7.1,11.5
1fd9tx,50,6,71.51,5.3,9.6
1fg4al,26,1,78.93,8.7,12.4
1firy4,103,6,87.86,5.3,7.5
1fjg99,68,5,66.13,7.4,16.7
1fjxwe,35,4,71.0,5.5,9.5
1ftxhw,36,2,78.59,6.8,6.7
1fvh6o,28,2,65.73,7.6,11.3
1fw71d,47,3,89.38,4.7,8.6
1fyrwj,37,3,75.91,5.7,6.4
1g0al8,29,2,73.68,6.6,10.2
1g5ave,107,9,59.4,7.9,16.2
1g6ljq,108,6,78.59,6.8,11.1
1gvd19,24,1,80.96,7.9,10.4
1gw5cx,22,2,94.15,2.9,5.5
1h289b,32,3,77.53,5.1,7.5
1h5mz9,24,3,80.28,4.1,8.5
1hbgv1,31,3,61.02,7.3,14.9
1hlvy4,30,3,86.71,3.7,4.9
1hptrq,48,6,88.74,2.9,7.8
1hqgie,25,3,79.97,4.2,6.7
1hryua,34,3,93.85,3.0,9.4
1hs7b5,69,2,44.92,15.6,22.7
1hy5fq,10,1,69.79,6.0,9.9
1i221z,49,4,92.83,3.4,9.3
1i2xx7,38,4,78.75,4.6,12.2
1i9dkg,20,1,68.1,8.7,11.4
1i9ukm,26,1,70.47,9.9,14.4
1iegho,30,1,66.41,11.5,18.5
1ifemq,20,2,-57.12,23.7,62.0
1ijo7s,40,4,86.71,3.7,9.9
1ik1e7,19,2,78.75,4.6,9.4
1is1tx,34,3,68.47,6.5,11.4
1itwf9,126,7,78.59,6.8,10.9
1iv1pb,67,4,71.34,7.5,13.6
1ixfkn,34,4,54.39,7.8,17.0
1j2zcy,26,1,2.79,19.3,34.0
1jd8nh,39,2,85.52,6.2,9.6
1jh4nv,147,10,39.63,11.4,22.0
1jml1h,75,4,60.85,9.4,17.6
1jojay,62,2,73.85,10.7,15.4
1jugfc,46,2,56.59,11.1,17.0
1jyreo,58,5,59.7,7.8,11.2
1jzveo,104,4,28.17,15.8,40.2
1k1okd,38,3,83.96,4.7,11.4
1k9zzb,49,4,84.37,4.5,8.5
1kh7ru,129,8,72.05,7.2,12.6
1kibcw,58,2,58.96,12.2,16.5
1kv96m,51,5,103.42,1.4,6.7
1kwoh5,37,3,75.91,5.7,11.1
1l0rh6,95,8,93.24,3.2,4.2
1l2dao,86,7,92.83,3.4,7.6
1l5fer,43,4,94.35,2.8,7.8
1l6bc3,37,4,70.5,5.7,12.6
1ldx9x,9,1,79.26,4.4,10.3
1lfssn,215,5,2.45,23.6,59.4
1lgnyz,149,8,77.98,7.0,11.3
1llv27,19,2,104.13,1.1,4.7
1lmu86,186,10,61.06,9.4,13.0
1lpbvk,31,3,86.4,3.8,7.4
1lvna4,44,3,73.47,6.7,10.2
1lzzfo,102,7,73.58,6.6,9.5
1m46oj,10,1,69.79,6.0,14.2
1m59uh,74,3,80.24,8.2,12.1
1m7ku7,88,5,87.45,5.4,7.2
1mcm9r,43,3,82.34,5.3,8.5
1muw8n,22,1,66.07,9.5,13.4
1n3f8z,30,1,74.87,10.3,14.8
1n87wl,888,68,32.8,11.9,33.5
1ncc1o,45,4,85.39,4.2,7.6
1ncmr7,24,3,88.74,2.9,8.7
1ne71q,43,2,49.65,11.7,18.7
1nr15b,55,7,97.3,1.7,2.0
1o2xay,99,8,75.81,5.8,8.5
1o4iee,37,4,104.34,1.0,5.6
1odp2k,40,2,59.64,9.9,15.7
1oh74t,48,3,63.7,8.4,17.7
1ohj06,37,3,75.91,5.7,9.9
1os3gx,123,10,75.91,5.7,9.0
1ot95p,69,5,74.39,6.3,11.0
1oudcf,108,8,83.15,5.0,8.4
1p21sn,39,3,83.66,4.8,6.5
1p3k6e,47,4,59.5,7.9,11.1
1p3yfw,68,3,73.81,8.6,16.1
1paggx,31,2,81.12,5.8,8.2
1pakg8,16,1,55.24,9.5,13.7
1paxt8,35,3,84.98,4.3,8.5
1pcdes,47,4,84.88,4.4,7.8
1pdij4,8,1,71.82,5.2,13.8
1pplad,27,2,57.77,8.6,9.9
1pq980,45,4,60.01,7.7,13.6
1prebf,25,1,71.48,9.5,15.4
1prp8o,29,1,58.96,12.2,18.7
1prxqm,40,2,68.1,8.7,13.5
1psm9k,39,3,83.66,4.8,6.5
1psnvs,16,2,80.28,4.1,13.2
1pst71,39,4,95.37,2.4,9.5
1psyru,23,2,85.18,4.2,7.4
1pusm1,17,1,88.06,5.2,10.9
1pws98,33,2,46.27,10.9,23.7
1q5df6,16,1,55.24,9.5,14.8
1q9uk3,55,5,102.61,1.7,4.0
1qajlt,21,2,86.2,3.8,8.5
1qamd8,47,4,101.8,2.0,5.1
1qanap,18,1,36.28,12.7,35.2
1qar3q,9,2,49.99,7.4,15.3
1qqzdx,40,4,69.79,6.0,8.4
1quuzo,70,5,57.27,8.8,14.6
1r6ft3,58,3,68.81,8.5,12.2
1r7hdy,22,3,72.53,5.0,9.0
1rjpjz,75,7,85.99,3.9,8.8
1rjtbb,73,4,78.28,6.9,9.6
1rt5w0,69,5,82.85,5.1,8.7
1rv3yq,45,2,48.64,12.1,23.3
1s0njs,34,5,64.57,5.9,9.9
1s2652,25,3,96.89,1.8,7.0
1s3o0i,92,5,69.72,8.1,10.9
1sa06l,57,4,90.8,4.1,9.1
1se33p,66,4,71.65,7.4,11.9
1sh9jw,34,3,68.47,6.5,9.7
1smv08,126,5,62.82,10.8,19.4
1svmxs,59,7,88.33,3.0,7.8
1szd0o,23,2,51.34,9.0,10.3
1t074y,80,3,61.29,11.3,14.2
1t4589,82,5,63.29,8.5,16.4
1tbbeg,66,5,83.46,4.9,8.0
1tfhbo,61,6,61.12,7.3,18.4
1tiymz,19,3,90.46,2.2,7.3
1tkhow,21,3,89.75,2.5,9.9
1to2tk,17,2,62.85,6.6,14.4
1tp9g3,21,2,35.44,10.9,15.9
1tspui,24,2,33.92,11.5,25.6
1tt1vz,37,4,78.96,4.6,11.2
1tw107,38,2,69.11,8.3,11.4
1u0asu,101,6,79.8,6.3,8.9
1u2rei,40,6,90.05,2.4,4.7
1u3yad,35,2,53.71,10.1,11.7
1u70fq,92,7,83.56,4.9,7.4
1u781b,99,9,51.85,8.8,21.4
1u7upx,21,4,91.48,1.8,5.9
1u8bk7,37,4,36.66,10.5,24.1
1u9ziu,38,5,13.0,13.3,27.6
1ugsqi,5,1,66.4,5.2,13.1
1uhd9b,56,5,102.41,1.8,5.1
1uhu1g,15,1,73.17,6.8,16.5
1uiu4j,48,2,64.04,10.3,15.2
1uk1wu,31,3,77.94,4.9,7.8
1ukfo2,56,1,40.02,21.6,32.1
1uqqbi,128,6,75.24,8.1,14.4
1ush5m,95,5,77.57,7.2,9.9
1uw2r1,76,6,83.96,4.7,10.0
1uxl3x,63,3,84.0,6.8,10.2
1v0aho,390,5,9.23,31.4,52.5
1v34ha,27,3,87.72,3.3,8.6
1v5py5,86,4,66.57,9.3,14.2
1v9ei3,23,4,74.05,4.4,13.8
1vdipb,48,3,63.7,8.4,13.4
1vdtqq,101,7,73.78,6.5,10.7
1vgkf6,41,3,66.03,7.5,13.6
1vmsun,75,6,92.63,3.4,7.2
1vppo2,38,3,75.5,5.9,16.7
1vu9ad,12,1,84.68,4.4,8.9
1w13p1,115,6,68.91,8.4,11.0
1w3fzr,18,2,87.72,3.3,6.3
1w3q0a,22,2,85.69,4.0,9.3
1w46q5,24,1,38.66,13.8,19.6
1waqxr,51,3,71.14,7.6,12.5
1wg0so,158,8,68.3,8.7,17.1
1wli1e,53,3,78.89,6.7,10.7
1wpmk2,19,3,73.54,4.6,6.5
1wt863,29,3,87.01,3.5,9.1
1x6dro,109,6,69.92,8.0,12.9
1xeoac,32,2,89.08,4.8,8.5
1xeyz5,27,2,100.07,2.7,6.9
1xkou8,49,5,78.45,4.8,6.6
1xmlya,68,6,85.39,4.2,7.7
1xwwef,110,10,85.69,4.0,6.8
1y05jk,109,5,57.81,10.6,14.5
1y1pc9,95,4,64.24,10.2,14.8
1y2ng4,14,1,99.57,2.9,8.5
1ybcoc,30,4,72.32,5.0,7.1
1yg0cz,59,2,58.45,12.4,17.2
1ymvd2,54,3,53.21,10.3,13.1
1yu3kc,41,3,74.49,6.3,7.7
1ywzi2,63,4,72.36,7.1,11.9
1z0un5,38,3,92.42,3.5,5.1
1z4h6t,38,3,75.5,5.9,14.2
1z8d6b,76,6,58.58,8.2,14.5
1z9yqq,97,4,80.65,8.0,11.0
1zchec,36,4,62.34,6.8,15.8
1zh7ep,15,2,89.24,2.7,8.7
1zolqw,39,4,69.99,5.9,9.3
1zp2tw,68,3,48.43,12.1,14.3
1zw3s6,60,5,76.22,5.6,8.7
209cyx,43,3,73.88,6.5,9.3
20brzp,31,3,77.94,4.9,12.0
20cz7f,33,1,54.9,13.8,18.9
20ihmw,42,4,94.66,2.7,7.8
20jkob,219,16,57.57,8.6,17.3
20o3xm,83,3,60.28,11.7,22.9
20ximc,66,5,66.54,7.3,16.6
213rlh,10,2,24.1,11.1,17.8
215vje,81,7,68.16,6.6,12.1
21n7vi,62,2,65.39,11.8,16.5
222ega,28,3,78.96,4.6,7.8
227l5j,48,2,72.5,9.1,10.5
22818f,19,2,61.83,7.0,10.4
22c8ju,49,3,63.39,8.5,12.9
22gefd,108,6,78.59,6.8,12.2
22i0t7,49,3,80.31,6.1,13.3
22uw5w,79,5,80.82,5.9,8.3
22wqc0,20,3,56.21,7.1,10.6
22xxkw,22,1,57.61,10.7,28.8
238lih,24,1,55.58,11.5,13.7
23drf3,52,2,62.01,11.1,14.6
23l6gq,397,26,81.33,5.7,10.3
23t3zj,77,5,72.76,6.9,9.6
23tplr,52,3,62.38,8.9,11.4
2404a0,34,4,79.77,4.2,9.9
241af4,68,4,71.14,7.6,15.2
242xys,47,3,80.92,5.9,7.9
243qai,14,3,41.32,8.7,12.9
245dsu,15,1,90.09,4.4,4.9
246mzc,63,2,73.34,10.9,16.5
24axvp,16,1,55.24,9.5,13.4
24czse,32,1,39.0,15.8,19.2
24djgo,59,3,59.94,9.8,18.4
24ijsh,21,2,52.36,8.6,22.9
24s210,41,3,66.03,7.5,12.4
24stlu,35,3,51.14,9.0,19.0
24ul7z,27,1,77.91,9.1,13.9
24w9dq,324,22,81.93,5.5,9.1
24ws2c,100,7,73.88,6.5,13.8
24y290,170,5,53.89,14.2,27.5
24y4j9,47,3,80.92,5.9,8.7
24zcvv,17,3,91.07,2.0,5.5
25367t,40,2,51.18,11.1,14.9
2545dm,20,2,86.71,3.7,11.8
25b68y,53,3,61.97,9.0,11.4
25bvbn,71,4,70.33,7.9,11.7
25g2lc,20,1,51.18,11.1,16.4
25ljcu,32,3,69.07,6.3,9.1
267ou4,44,2,74.53,8.3,13.6
269a34,48,10,66.6,5.2,15.8
26cefi,25,2,84.17,4.6,12.1
26h0ib,40,2,42.72,12.3,15.3
26hokc,139,10,82.75,5.2,10.9
26ogr0,57,6,36.45,10.5,22.6
26q7jz,86,4,75.03,8.1,11.1
26vn1r,77,6,75.4,5.9,10.7
26zpxj,15,2,72.32,5.0,9.6
27i1c3,30,2,64.71,8.0,11.4
27qkxj,37,4,78.96,4.6,10.3
27s7sv,33,1,54.9,13.8,19.5
27xbcb,45,4,85.39,4.2,9.2
2861ny,98,9,85.79,4.0,7.5
28e13j,37,3,67.45,6.9,9.7
28hklv,100,3,54.6,13.9,19.3
28qtyn,37,2,86.54,5.8,9.6
28r7p2,64,5,92.32,3.6,7.1
28wyvt,23,1,56.59,11.1,15.6
28xrif,36,3,84.68,4.4,8.6
28z5ir,64,2,64.38,12.2,15.9
28zlb2,74,7,86.1,3.9,13.1
293ots,17,2,96.69,1.9,4.4
2985ag,75,4,69.31,8.3,10.4
29d2pf,29,4,72.53,5.0,7.2
29dado,42,4,77.74,5.0,8.8
29egd8,43,4,85.89,4.0,6.5
29f274,49,3,71.85,7.3,21.1
29i6fa,22,1,74.53,8.3,12.3
2a1oos,20,3,56.21,7.1,11.3
2a6b1t,36,2,87.05,5.6,8.6
2a7786,21,2,60.82,7.4,10.9
2aakn5,32,1,55.92,13.4,17.4
2act5h,140,5,76.9,9.5,17.9
2aejm3,21,1,67.08,9.1,13.5
2ajfnd,28,2,65.73,7.6,10.5
2amd7m,53,3,78.89,6.7,9.9
2awjrv,61,5,76.01,5.7,9.9
2awlgb,111,7,80.72,6.0,10.4
2azaxh,65,4,63.39,8.5,15.2
2b5j7c,36,3,76.22,5.6,12.8
2baugq,14,2,64.37,6.0,19.4
2bcd7l,57,6,44.91,9.4,21.6
2bo1zs,60,5,42.38,10.3,18.5
2bpl7n,134,7,69.01,8.4,13.0
2brtfi,27,3,79.26,4.4,10.4
2bv3x0,34,3,76.93,5.3,9.7
2bz0d1,118,6,76.86,7.4,12.5
2c9288,38,2,52.19,10.7,13.8
2ccwy7,32,2,89.08,4.8,9.1
2cf3iv,34,2,54.22,9.9,10.9
2cidxr,9,1,53.88,8.0,11.3
2civ17,48,3,80.62,6.0,12.0
2cjh1r,44,2,66.07,9.5,12.0
2csfi8,36,2,53.21,10.3,18.2
2cwbz0,38,3,67.04,7.1,14.8
2cxr2b,38,2,69.11,8.3,13.1
2d0ayq,68,6,93.85,3.0,5.7
2d2dgd,17,2,88.23,3.1,8.6
2ds713,26,3,62.64,6.7,11.4
2dt7k4,93,5,86.44,5.8,10.0
2e15ar,68,4,71.14,7.6,11.8
2e3k38,22,2,60.31,7.6,14.4
2e63v8,18,1,78.59,6.8,10.6
2edvf3,63,2,73.34,10.9,14.7
2efh51,11,2,99.73,0.7,5.7
2en6h6,106,5,75.34,8.0,10.6
2eo3nh,26,3,71.1,5.5,9.5
2errcd,26,3,88.02,3.1,5.7
2exezb,39,4,86.91,3.6,5.4
2eyc05,41,3,66.03,7.5,10.3
2f4i4d,32,3,77.53,5.1,7.3
2f5tbg,76,3,62.72,10.8,14.0
2f9871,42,1,37.31,18.5,28.3
2fcjrt,24,1,47.12,12.7,16.5
2fejj0,37,3,92.83,3.4,7.2
2fho50,56,3,77.87,7.0,10.8
2fi1yu,179,9,59.74,9.9,17.4
2flxj3,64,4,89.08,4.8,9.4
2fmzci,59,8,63.96,6.2,13.9
2fowaw,35,4,79.46,4.4,8.7
2frx2b,31,3,94.86,2.6,5.3
2g497n,28,4,81.29,3.7,5.6
2g9knv,56,4,91.11,4.0,8.7
2gbbg9,27,3,87.72,3.3,7.5
2ggfp1,32,4,88.74,2.9,9.2
2ghv96,67,4,71.34,7.5,12.8
2glc49,85,6,82.44,5.3,8.0
2gnv2i,6,1,56.93,6.8,13.0
2gpmkc,27,2,49.31,9.7,13.8
2grqqm,28,4,89.75,2.5,5.1
2h0hov,34,6,74.15,4.3,9.8
2h0tdc,22,3,47.15,8.5,20.2
2h3fti,63,6,69.28,6.2,20.2
2ha9wl,33,3,68.77,6.4,12.6
2heed0,92,7,66.64,7.2,13.6
2hlunx,56,4,48.81,9.9,28.6
2hmrzi,25,1,63.02,10.7,18.2
2hotv5,35,1,61.33,13.4,18.2
2hq5px,39,5,72.02,5.2,9.7
2htddk,112,5,74.12,8.5,14.7
2hvsgd,75,4,77.77,7.1,16.9
2hvz76,79,5,72.36,7.1,11.4
2i12xn,36,2,78.59,6.8,10.2
2i184d,133,7,86.03,6.0,7.9
2i5cjf,30,4,80.78,3.9,5.7
2iasz3,59,4,90.29,4.3,8.9
2ib42m,187,38,-94.25,27.6,64.4
2icdng,43,4,77.43,5.1,9.1
2iflg6,51,3,96.52,4.0,7.1
2ijg9h,53,2,78.42,8.9,12.4
2iq6t2,5,2,102.78,-0.6,13.7
2iskyy,45,5,79.26,4.4,11.4
2iz92q,68,4,71.14,7.6,9.0
2izdkb,187,18,86.3,3.8,7.2
2j1xq7,107,8,83.25,5.0,9.1
2j6ii9,51,3,79.6,6.4,11.0
2j83cl,553,96,74.05,4.4,10.7
2jburk,28,2,65.73,7.6,10.5
2jhcwx,124,6,75.84,7.8,9.9
2jmik1,10,1,69.79,6.0,9.0
2jmm19,135,8,62.78,8.7,16.7
2jn07y,50,2,46.1,13.0,19.2
2jrtrp,53,3,70.43,7.8,9.6
2jzphq,56,3,60.95,9.4,15.7
2kcavt,70,6,76.52,5.5,10.5
2kltjk,32,3,102.91,1.6,5.0
2kt4sd,11,1,51.85,8.8,16.2
2kulyf,77,3,36.93,14.5,37.9
2l13kr,36,3,76.22,5.6,11.5
2l3za7,123,6,76.05,7.7,10.3
2l8y6h,122,7,70.73,7.7,11.4
2lae6w,18,3,65.39,5.6,10.9
2ld54c,92,8,85.18,4.2,7.6
2lejon,55,1,24.11,23.6,36.5
2lgv9e,40,2,76.56,7.6,14.2
2lh2xe,13,1,75.2,6.0,6.8
2lqeo6,132,6,74.53,8.3,12.8
2m3el8,101,6,79.8,6.3,11.3
2m40z5,55,5,85.69,4.0,8.8
2m4kvh,128,8,89.08,4.8,7.3
2m67sj,24,4,90.77,2.1,4.7
2m6vp6,51,3,79.6,6.4,9.7
2mdeuo,22,3,80.99,3.8,9.2
2mo77b,64,5,50.02,9.5,17.8
2mqn8t,18,2,70.8,5.6,13.4
2n27ym,63,8,80.38,4.0,8.0
2n2h6i,74,4,78.08,7.0,11.5
2n2xq1,37,2,52.7,10.5,20.9
2n7rol,113,8,74.08,6.4,8.6
2nihrh,76,5,81.43,5.7,10.4
2nmgmq,9,1,104.64,0.9,8.2
2nmng9,90,2,59.64,16.1,22.0
2noi9r,101,4,71.18,9.6,15.6
2nrenz,32,3,69.07,6.3,12.3
2o34ld,37,2,44.24,11.7,21.9
2o5gl9,23,2,76.72,5.4,8.7
2o7ci5,15,1,56.25,9.1,13.1
2ocdgn,79,7,76.93,5.3,8.0
2of5d3,21,3,89.75,2.5,6.5
2omlnc,38,2,43.73,11.9,18.3
2oo3gz,19,1,77.57,7.2,14.1
2p5gys,29,2,90.6,4.2,6.1
2p5j1a,81,7,93.54,3.1,7.0
2p6qg6,62,3,67.38,9.0,17.3
2pb889,163,6,60.79,11.5,17.4
2pfbz6,65,2,63.87,12.4,16.8
2pfcm2,58,3,77.27,7.3,10.7
2po91q,38,3,75.5,5.9,13.9
2ppzfh,145,6,72.29,9.2,11.4
2ps6ww,163,16,86.5,3.7,10.7
2pyro7,62,3,58.92,10.2,15.0
2q70h0,80,4,68.1,8.7,11.4
2q8uw3,12,1,110.06,0.9,2.2
2q9wt5,39,3,75.2,6.0,8.0
2qd1qi,16,2,88.74,2.9,6.4
2qpgqk,38,1,49.83,15.8,29.9
2qsbh9,30,3,95.17,2.5,3.8
2qtzv0,47,5,28.09,11.7,25.0
2qv2p5,42,3,74.19,6.4,9.0
2r3p1t,31,3,69.48,6.1,15.3
2r7m4r,101,4,62.72,10.8,17.7
2r966u,99,7,82.54,5.2,10.7
2ra10y,78,4,77.06,7.4,10.2
2rdslg,14,1,99.57,2.9,9.1
2rg80l,47,3,80.92,5.9,10.4
2rgilb,14,2,72.83,4.8,11.0
2rk00h,10,1,78.25,4.8,6.2
2rltq9,46,3,64.41,8.1,10.9
2rpku4,35,2,53.71,10.1,14.8
2s0i71,35,3,93.44,3.1,4.5
2s7xsj,109,5,74.73,8.3,10.4
2sa3i0,39,2,51.68,10.9,13.0
2sgmgp,31,1,48.47,14.2,24.3
2shg64,23,2,68.26,6.6,15.5
2sov0b,22,3,72.53,5.0,9.8
2sskc3,36,1,68.78,12.6,16.7
2stfw9,92,4,65.05,9.9,12.9
2sw4jf,30,3,86.71,3.7,6.0
2t013a,87,1,0.09,34.9,54.4
2t3329,197,10,59.94,9.8,12.6
2tc6jd,29,1,84.34,8.7,13.5
2tkian,108,6,78.59,6.8,11.7
2tn244,21,2,94.66,2.7,8.0
2tnwyv,23,1,81.97,7.5,13.6
2tp9pb,33,2,71.65,7.4,10.9
2tqtk4,50,4,84.17,4.6,8.3
2tw94g,35,2,79.09,6.6,11.0
2u2dm2,35,3,76.52,5.5,7.3
2u49ys,13,1,100.58,2.5,1.4
2u6fxr,129,9,48.5,10.0,23.9
2ua6yg,90,5,78.59,6.8,10.5
2ui4uy,33,2,80.11,6.2,13.0
2ulp01,87,5,79.19,6.5,10.2
2um5jp,123,10,58.99,8.1,15.2
2v0lg7,62,5,84.27,4.6,9.9
2v2duo,53,3,61.97,9.0,23.6
2v68du,31,2,64.2,8.2,13.2
2vh8ei,89,6,81.83,5.5,8.5
2vkjra,13,2,47.96,8.2,14.4
2vkz5k,27,1,44.07,13.8,27.3
2vof78,39,3,83.66,4.8,8.6
2vpy0x,25,2,75.71,5.8,8.7
2vucw1,42,3,74.19,6.4,8.6
2vv024,274,15,86.74,5.7,9.7
2w0yzc,14,1,99.57,2.9,2.7
2w7rre,138,6,65.05,9.9,15.7
2wlny8,12,1,67.76,6.8,12.0
2wned1,19,2,78.75,4.6,5.9
2wnkv3,54,5,68.97,6.3,13.9
2wyxxa,13,1,66.74,7.2,10.1
2wzg55,24,3,46.44,8.8,14.4
2x6zix,85,6,73.98,6.5,11.5
2x8zkz,31,3,69.48,6.1,9.9
2xgfd8,24,2,59.3,8.0,12.8
2y4rm0,24,1,64.04,10.3,13.9
2y9z8w,58,3,68.81,8.5,13.3
2ywjz6,18,2,53.88,8.0,13.2
2yx793,25,3,71.51,5.3,11.0
2yxhd9,44,5,87.92,3.2,6.1
2yxjd6,31,5,82.1,3.3,9.5
2z1zoi,63,3,67.08,9.1,11.5
2z8nzm,74,3,71.78,9.4,16.3
2z9akg,103,3,53.58,14.3,19.0
2z9tjy,10,1,78.25,4.8,8.5
2zftk4,28,2,40.35,11.1,16.0
2zonjo,56,5,68.57,6.5,8.6
2zxnvm,148,9,71.75,7.3,12.9
30115v,177,11,80.51,6.0,10.6
30debi,44,2,57.61,10.7,15.7
30fr13,101,6,88.26,5.1,6.5
30oso2,37,2,61.16,9.3,11.7
30pkzm,79,6,66.54,7.3,9.3
30qj8o,22,1,66.07,9.5,15.7
30s1t6,230,15,81.33,5.7,8.7
30subv,16,2,54.9,7.6,11.1
30xvpw,35,3,59.6,7.9,12.8
30zczm,26,1,78.93,8.7,14.7
3123u7,42,3,65.73,7.6,15.5
317o1j,21,2,86.2,3.8,8.7
319y42,60,5,93.14,3.3,5.7
31bpnm,20,1,68.1,8.7,14.5
31d6pz,10,1,52.87,8.4,18.4
31h38g,40,2,59.64,9.9,19.6
31h5dl,47,4,84.88,4.4,5.6
31nuqg,40,2,76.56,7.6,10.1
31yyiq,29,3,70.09,5.9,15.4
32843y,51,7,47.15,8.5,21.5
32l1px,35,3,68.06,6.7,9.2
32nkdm,89,5,87.25,5.5,11.0
32yenp,62,2,56.93,13.0,19.7
32yga6,59,4,64.91,7.9,14.9
334v90,133,5,61.4,11.3,15.9
33dytk,23,3,89.04,2.8,9.9
33fekt,67,3,74.22,8.4,12.7
33olyu,24,4,90.77,2.1,7.3
33rf5p,23,3,63.66,6.3,11.1
33xxwm,43,6,89.55,2.6,10.1
340rgh,83,5,80.01,6.2,8.9
3422uw,50,4,75.71,5.8,12.5
3471lg,21,1,75.54,7.9,10.2
34c6h6,78,5,72.56,7.0,11.1
34cxa5,24,1,21.74,16.2,38.5
34d7ep,28,1,59.98,11.8,14.8
34igwe,63,5,58.69,8.2,14.3
34tng9,42,5,71.41,5.4,11.9
34wx4l,64,3,66.78,9.2,15.4
3536x0,117,5,56.18,11.2,16.6
35aqj8,29,3,61.63,7.1,30.5
35iqwc,95,2,48.64,18.3,27.7
35m8lq,140,10,91.11,4.0,7.7
35voj9,53,4,83.36,4.9,9.5
366hw6,31,2,64.2,8.2,16.6
366thu,63,4,80.82,5.9,10.7
36ayma,77,3,53.85,12.1,20.7
36dn94,18,1,-6.02,18.6,44.4
36hwh2,27,2,74.69,6.2,13.8
36qehe,98,8,75.91,5.7,10.1
36zjh0,86,3,76.18,9.8,13.7
3734hn,86,4,66.57,9.3,13.3
37e5fq,38,3,58.58,8.2,24.2
38aq4o,123,10,92.83,3.4,6.6
38h74m,81,4,76.25,7.7,11.3
38rbm3,15,1,56.25,9.1,17.5
38rpzk,54,4,66.23,7.4,13.3
38z96a,18,1,70.13,8.0,17.7
391ai2,31,2,89.58,4.6,5.6
393ue3,20,3,73.13,4.7,7.8
394rc3,180,10,70.13,8.0,11.4
398bbz,100,9,85.59,4.1,6.1
399evy,35,2,70.63,7.8,11.5
39cjzb,95,5,69.11,8.3,11.6
39nqre,74,5,73.37,6.7,10.5
39o83k,35,3,76.52,5.5,9.6
3a4eik,33,2,97.03,3.8,5.0
3a7s6g,7,1,89.75,2.5,11.0
3abz4u,67,5,100.17,2.6,5.2
3ag30a,68,6,93.85,3.0,7.5
3aik03,68,6,76.93,5.3,7.6
3atmk5,78,7,85.59,4.1,10.7
3awh9k,30,2,81.63,5.6,10.2
3axw5r,52,3,70.84,7.7,9.2
3b06ov,24,3,80.28,4.1,6.5
3b3z90,34,2,79.6,6.4,10.6
3b56lq,113,3,50.13,15.6,20.3
3bf1yo,25,2,92.63,3.4,10.3
3bh1p1,19,1,69.11,8.3,11.6
3blbzu,9,2,83.83,2.7,3.3
3bpcw4,102,7,82.04,5.4,8.1
3bpks6,21,1,58.62,10.3,17.8
3bu5zs,21,1,41.7,12.7,18.9
3c4jk5,87,3,75.88,9.9,13.8
3cbr7j,58,4,65.22,7.8,8.0
3ciby6,29,2,82.14,5.4,9.4
3d76k3,56,4,82.65,5.2,7.8
3d7r1w,44,2,74.53,8.3,13.9
3dc0yf,30,2,73.17,6.8,11.2
3ddqpn,27,2,57.77,8.6,13.3
3dggxy,331,20,71.55,7.4,13.4
3drfo1,110,8,65.93,7.5,14.1
3dv46q,74,5,90.29,4.3,6.8
3dx2un,40,1,56.26,15.4,22.7
3e1ux4,46,3,72.87,6.9,9.3
3egu3w,160,6,69.75,10.2,17.4
3ej099,59,10,23.19,11.5,28.1
3elnwo,65,5,75.2,6.0,10.6
3eohci,69,9,89.04,2.8,7.0
3eshe1,73,4,78.28,6.9,12.2
3ex7qy,42,3,57.27,8.8,10.7
3fby9i,53,4,66.44,7.3,12.6
3fdgqj,52,2,70.47,9.9,15.7
3fjqs2,186,11,71.24,7.5,11.8
3fkzxy,31,3,77.94,4.9,6.2
3fpu6n,70,4,70.63,7.8,19.1
3fu4hi,21,2,77.74,5.0,14.3
3fvycr,30,3,86.71,3.7,13.6
3g1ryl,67,3,74.22,8.4,13.6
3gdman,32,2,89.08,4.8,7.8
3gfkxz,73,5,90.5,4.3,7.4
3gjzj0,74,6,84.37,4.5,8.2
3h19xa,132,7,77.67,7.1,11.6
3h6fv7,104,4,70.47,9.9,12.3
3h7vcm,61,2,40.52,15.2,23.0
3h9pp5,28,4,-28.7,19.0,36.8
3he2mt,40,2,85.02,6.4,10.4
3heasv,38,2,77.57,7.2,10.1
3hfmxd,55,4,91.31,4.0,7.0
3hghbf,9,1,104.64,0.9,2.9
3hjopp,38,2,69.11,8.3,10.6
3hn5rn,41,2,84.51,6.6,10.0
3hpmgi,46,2,73.51,8.7,13.7
3ityte,15,2,72.32,5.0,9.6
3j9lqv,70,3,73.21,8.8,12.3
3jg1fa,88,3,67.12,11.2,18.9
3jgwkk,29,2,90.6,4.2,8.1
3jj269,53,4,66.44,7.3,10.6
3jkegn,78,3,53.55,12.3,17.5
3jq219,84,8,86.2,3.8,8.0
3jwifx,19,2,78.75,4.6,11.1
3jxybw,13,1,92.12,3.6,7.9
3jyi58,9,1,87.72,3.3,10.8
3jyy6b,110,8,82.85,5.1,8.3
3jz8ly,24,3,88.74,2.9,6.7
3kb790,62,6,44.1,9.7,19.2
3kjrus,98,7,57.27,8.8,15.3
3kpyzr,35,1,61.33,13.4,17.2
3lsedz,130,5,70.47,9.9,13.9
3ltjou,65,4,71.85,7.3,11.0
3m5i7q,40,2,85.02,6.4,9.9
3mfuno,151,7,83.39,7.0,11.2
3n52k3,95,4,81.16,7.9,13.2
3n7by2,33,2,88.57,5.0,7.5
3nld96,23,2,59.8,7.8,14.0
3o7ur4,13,1,75.2,6.0,9.7
3o82aw,42,2,67.08,9.1,11.2
3o8yu9,58,6,95.47,2.4,7.0
3odi3k,119,7,79.6,6.4,9.3
3ohdjt,124,14,87.82,3.2,6.7
3ooenj,271,18,81.53,5.6,9.5
3opjw3,30,3,86.71,3.7,11.0
3oqe69,17,1,79.6,6.4,9.8
3orn6v,46,4,51.34,9.0,11.9
3ov2i2,22,2,68.77,6.4,10.2
3p8y29,168,7,64.04,10.3,13.7
3pdrzo,147,7,75.54,7.9,13.1
3pe3vn,46,3,89.79,4.5,11.8
3q33ip,14,2,38.99,9.6,37.2
3q6ogz,142,7,59.33,10.0,16.6
3q7fq0,64,3,66.78,9.2,14.4
3qmksd,50,6,88.43,3.0,7.6
3qp0b1,20,1,59.64,9.9,12.8
3qr7rm,160,2,7.2,32.1,51.1
3qtldh,68,2,62.35,13.0,19.9
3r4blv,42,3,65.73,7.6,12.1
3rabm5,51,4,92.32,3.6,8.6
3rfs7s,27,4,56.11,7.1,10.4
3rhkzt,101,6,79.8,6.3,8.7
3rk3pt,24,1,64.04,10.3,17.3
3rmz1y,13,1,75.2,6.0,8.2
3rwsri,29,2,73.68,6.6,12.8
3sahvy,46,4,51.34,9.0,13.4
3sryp7,52,3,87.76,5.3,8.7
3stvoa,50,4,92.63,3.4,8.5
3th2f6,39,4,78.45,4.8,13.5
3tkljc,22,2,102.61,1.7,4.0
3ua58o,25,3,79.97,4.2,9.1
3umzfv,68,4,62.68,8.7,14.0
3uozpt,40,4,78.25,4.8,11.4
3uxq7g,52,6,79.56,4.3,8.2
3v1rf7,11,2,65.89,5.4,12.2
3v9yx9,14,1,74.19,6.4,14.8
3vq69n,46,3,55.95,9.3,15.5
3w4faz,69,2,70.3,12.0,16.5
3woff5,20,2,69.79,6.0,10.4
3x8khi,84,4,75.54,7.9,10.2
3xw0tc,34,3,43.09,10.1,34.0
3xwn0s,48,2,64.04,10.3,20.4
3y1jwt,38,1,58.29,14.6,18.9
3y30wr,96,4,64.04,10.3,13.6
3y3cvd,42,4,77.74,5.0,17.7
3yb2ps,71,6,67.96,6.7,10.0
3ycky7,20,1,59.64,9.9,15.9
3yclep,54,4,74.69,6.2,9.4
3yehvq,34,3,76.93,5.3,10.0
3yiu98,47,2,56.08,11.3,16.3
3yksl2,26,3,96.48,2.0,7.7
3yptzj,56,5,93.95,2.9,6.0
3yy2tm,18,2,87.72,3.3,5.1
3z22vi,36,4,96.18,2.1,5.2
3z64f2,63,3,84.0,6.8,11.3
3z7j0f,155,7,74.42,8.4,15.1
3zb86h,266,15,61.97,9.0,19.7
3zdeb8,139,10,74.29,6.4,10.0
3zizgj,15,1,73.17,6.8,9.9
3zmpft,61,4,55.95,9.3,21.7
403skz,31,1,56.93,13.0,23.7
409ffw,52,2,70.47,9.9,14.4
40bnxy,47,3,47.08,10.6,22.2
40cx5y,39,4,86.91,3.6,6.3
40nt0s,59,4,73.37,6.7,9.9
40puos,157,7,48.74,12.0,18.9
40sfl7,84,3,43.06,14.2,27.8
40z1ch,37,2,52.7,10.5,14.9
40zvh9,88,7,84.07,4.7,8.0
414ug4,38,2,86.03,6.0,10.8
419lg3,35,1,69.79,12.2,19.3
41ekfx,73,8,70.7,5.7,7.9
41ojre,40,5,71.82,5.2,15.2
41stw3,66,3,66.07,9.5,12.7
429w80,81,5,88.87,4.9,6.0
42fdqp,28,1,85.36,8.3,11.1
42g3jn,27,3,62.34,6.8,10.8
42h6il,29,3,53.17,8.3,13.5
42ojv4,20,2,78.25,4.8,8.1
42p5ql,32,3,94.45,2.7,7.9
42sc3n,20,3,81.59,3.5,8.0
42uwrb,100,7,90.8,4.1,8.0
437gv8,102,7,73.58,6.6,10.3
43onf8,17,1,54.22,9.9,10.6
43yk0r,46,5,70.6,5.7,7.9
444z6l,31,2,64.2,8.2,12.5
44f7zj,44,4,85.69,4.0,7.7
44zfvc,30,3,61.33,7.2,12.6
452v9z,42,1,45.77,17.3,23.7
459gvc,34,2,71.14,7.6,13.7
45i8ry,24,2,59.3,8.0,15.2
45r73u,50,2,46.1,13.0,26.0
45sey8,62,2,65.39,11.8,19.1
46hrjj,37,2,86.54,5.8,9.0
46k1y1,119,7,79.6,6.4,8.3
46up4d,28,3,70.5,5.7,12.9
47oh18,34,2,62.68,8.7,11.2
47xk99,43,2,41.19,12.9,15.6
48kzxq,13,1,66.74,7.2,16.3
48qmp8,43,3,56.96,8.9,10.3
491yni,32,2,80.62,6.0,8.0
493891,92,4,65.05,9.9,13.9
49ddcu,30,2,90.09,4.4,7.3
49fb2u,22,3,55.61,7.3,10.7
49imbd,24,2,67.76,6.8,10.3
49lf4y,13,2,90.26,2.3,19.5
49mhem,48,2,38.66,13.8,19.6
4a44d2,120,11,77.33,5.2,8.2
4a6n7d,85,4,66.78,9.2,12.2
4aa7bj,22,2,68.77,6.4,11.7
4ad6as,25,3,88.43,3.0,8.7
4adl0w,38,1,66.75,13.4,17.5
4av7cd,33,2,80.11,6.2,5.5
4awj8g,24,2,76.22,5.6,12.8
4b488t,7,1,81.29,3.7,5.6
4be2ff,23,1,65.05,9.9,17.1
4biiky,58,4,82.14,5.4,8.1
4bipw8,138,5,77.3,9.3,13.0
4bjlia,36,2,61.67,9.1,10.7
4brp57,138,9,72.87,6.9,11.9
4cmv2v,24,3,97.2,1.7,1.4
4csm7f,145,13,85.49,4.1,8.3
4drc06,30,2,81.63,5.6,8.7
4e4e51,77,4,68.81,8.5,11.8
4e7xen,53,3,78.89,6.7,12.2
4e94c5,74,6,84.37,4.5,7.0
4emdcp,15,2,89.24,2.7,6.5
4euwjy,13,2,98.72,1.1,3.9
4f3rot,38,4,87.21,3.5,5.6
4fgfx7,102,3,36.97,16.6,27.6
4fj4qg,125,7,70.23,7.9,13.2
4flkm8,37,3,75.91,5.7,11.5
4frspp,111,8,82.75,5.2,8.3
4g7miv,30,4,89.24,2.7,8.8
4gi0m2,31,3,61.02,7.3,18.7
4gm0ut,54,1,50.51,19.6,28.2
4gv98d,68,1,-6.01,31.0,48.2
4gzu3d,29,1,25.12,17.0,26.5
4h0vxg,32,2,80.62,6.0,10.9
4h559e,14,1,74.19,6.4,13.8
4hc063,67,3,82.68,7.3,13.4
4hnfnf,192,7,69.04,10.4,15.9
4hoap4,47,5,78.85,4.6,6.9
4huklu,57,4,90.8,4.1,9.2
4i6l8w,62,3,67.38,9.0,11.4
4i9w52,87,7,92.73,3.4,5.5
4iayh8,33,2,80.11,6.2,8.8
4ifgql,39,4,78.45,4.8,8.9
4iu1mr,41,5,88.53,2.9,6.1
4jchuz,48,2,64.04,10.3,12.6
4jdznb,35,4,71.0,5.5,9.6
4jeckh,48,4,84.68,4.4,11.2
4jp2a7,92,5,78.18,6.9,9.3
4jse4h,44,7,98.92,1.0,2.0
4jse9k,131,6,83.19,7.1,11.1
4jw99c,61,6,94.96,2.5,6.0
4k3cfe,108,13,-4.64,16.0,32.8
4k4yj0,71,4,78.79,6.7,9.8
4kbfo3,78,6,92.12,3.6,5.2
4kgpng,52,6,96.48,2.0,4.8
4knxz8,190,10,77.57,7.2,9.2
4ksa80,198,10,76.76,7.5,13.4
4kwus6,37,3,92.83,3.4,5.0
4l2aqv,65,3,83.29,7.0,11.0
4lgsa0,57,3,94.49,4.8,7.8
4lmd94,66,3,74.53,8.3,12.7
4lt7wm,36,2,70.13,8.0,12.7
4m95ea,26,2,83.66,4.8,15.5
4mbnl3,44,3,73.47,6.7,16.4
4me2dz,51,1,36.63,20.8,27.7
4mew3s,41,3,82.95,5.1,8.5
4mzsuh,26,2,83.66,4.8,11.7
4nfuk2,115,5,56.59,11.1,22.6
4nimyh,48,5,95.57,2.3,6.2
4nr4kc,45,5,87.72,3.3,7.1
4o6kup,89,3,75.17,10.2,15.3
4obfoz,95,9,86.1,3.9,3.8
4ogne4,26,3,71.1,5.5,11.0
4otg1e,73,3,63.73,10.4,16.0
4p4iho,83,6,65.93,7.5,15.4
4peve3,15,1,39.33,11.5,20.0
4pxvpd,40,3,66.44,7.3,15.9
4pzom8,59,3,76.86,7.4,11.2
4q08od,15,2,63.86,6.2,25.3
4qb639,226,10,57.0,10.9,16.2
4qq1ef,6,1,73.85,4.5,12.2
4qwtut,49,4,67.45,6.9,13.2
4r5bcc,37,4,78.96,4.6,6.2
4rkk01,132,9,81.93,5.5,8.5
4ro9v8,87,4,49.35,11.8,17.8
4s0cjg,78,5,55.64,9.4,16.1
4s3upv,57,4,73.88,6.5,13.7
4s7dl5,59,3,85.32,6.3,9.7
4s8lbf,83,5,71.55,7.4,10.8
4sb0et,41,2,42.21,12.5,22.3
4sb9a5,177,12,64.91,7.9,10.8
4sbhjd,31,3,69.48,6.1,10.0
4sld5i,20,1,59.64,9.9,16.1
4srgu4,183,11,71.55,7.4,9.7
4t2ng0,92,7,92.02,3.7,6.5
4t5kus,106,3,44.11,15.9,24.3
4t89u0,12,1,50.84,9.2,16.4
4tal6r,27,2,74.69,6.2,10.6
4tf1f7,89,5,70.33,7.9,13.2
4thoac,26,2,66.74,7.2,15.7
4tkq32,69,5,91.31,4.0,9.7
4tsaiz,55,3,86.74,5.7,10.2
4tsj97,53,6,87.92,3.2,9.8
4u27w6,66,7,95.77,2.2,6.0
4ua3yp,42,3,91.11,4.0,5.2
4uomx1,53,4,74.9,6.1,8.6
4v2v5z,21,3,89.75,2.5,7.2
4va9p8,51,4,66.94,7.1,17.9
4vak8y,77,3,70.77,9.8,13.3
4vj02i,9,1,62.34,6.8,13.4
4vnrkj,102,4,70.97,9.7,14.3
4vqeq0,15,1,73.17,6.8,12.8
4vtes6,27,4,89.95,2.4,5.8
4vz9cr,47,3,72.46,7.1,11.8
4wom8e,43,2,58.11,10.5,17.3
4wwtoa,11,2,57.43,6.6,24.1
4wzirj,70,5,82.65,5.2,11.0
4x2ppw,25,1,88.4,7.1,13.3
4x8b2i,125,8,72.56,7.0,11.9
4x9e53,64,5,83.86,4.7,7.1
4xlliw,22,3,97.91,1.4,7.3
4xuefn,53,1,26.14,22.8,32.5
4y2dz6,61,4,72.87,6.9,9.4
4y4aj8,25,2,75.71,5.8,15.0
4y6ft5,61,6,78.04,4.9,11.6
4yat71,142,9,72.36,7.1,10.6
4ykjuq,43,3,82.34,5.3,7.0
4yqpve,44,4,77.23,5.2,8.1
4yy1oj,91,3,66.1,11.6,18.3
4z5m22,31,3,52.56,8.5,17.3
4z5ma9,91,8,85.28,4.2,9.5
4zcpjp,118,4,41.53,14.8,21.0
504mak,10,1,95.17,2.5,4.3
506xkr,95,6,63.9,8.3,17.5
50r13z,45,6,89.24,2.7,4.0
50r36q,49,4,101.29,2.2,5.9
51bnxz,30,2,98.55,3.2,5.7
51brwq,161,10,88.97,4.8,10.1
51copk,26,2,75.2,6.0,7.3
51l6qk,60,4,81.63,5.6,9.7
51te5l,29,3,87.01,3.5,6.5
51vpi9,79,3,78.62,8.8,14.1
52clbc,30,2,98.55,3.2,6.7
5334iv,62,3,75.84,7.8,15.0
536vmv,114,12,78.75,4.6,7.7
53bojj,17,1,79.6,6.4,14.8
53kisw,37,3,92.83,3.4,6.0
53t6el,27,2,74.69,6.2,9.9
541ow2,34,4,79.77,4.2,4.4
5437u3,50,5,78.25,4.8,8.7
544b6y,26,3,79.56,4.3,4.3
547xk0,240,15,80.62,6.0,8.3
54h0b5,53,2,61.5,11.3,13.5
54z2gr,70,4,62.17,8.9,17.6
558wib,92,4,81.97,7.5,9.6
55uxwc,115,6,68.91,8.4,11.8
562151,141,5,76.69,9.6,12.7
56k52f,74,4,69.62,8.1,11.9
56q5sn,42,3,91.11,4.0,7.9
571gwq,52,4,66.74,7.2,12.5
57b81e,147,10,81.93,5.5,9.0
57cn44,37,3,-17.16,18.7,44.9
57glud,45,4,76.93,5.3,8.9
57nut7,21,2,94.66,2.7,5.8
57seun,111,7,72.26,7.1,11.7
58574w,27,2,91.61,3.8,7.1
586064,22,1,66.07,9.5,12.0
588nhf,25,2,75.71,5.8,16.1
58cp0i,11,2,-10.26,16.1,53.7
58hs2x,22,2,85.69,4.0,9.1
58shma,45,3,90.09,4.4,8.8
592hyh,72,5,90.7,4.2,6.0
59jg61,89,5,87.25,5.5,7.9
59qrgv,155,8,77.16,7.3,10.7
59wii7,83,5,54.63,9.8,15.0
5a7mz8,50,4,75.71,5.8,10.3
5am3fx,17,1,79.6,6.4,6.2
5b1nkr,15,1,64.71,8.0,12.1
5b1quf,79,6,83.46,4.9,6.4
5b483u,15,2,89.24,2.7,6.8
5b5jzl,40,1,47.8,16.5,24.7
5bhfc5,84,5,79.8,6.3,7.6
5bn7u0,21,3,89.75,2.5,9.0
5bwac5,73,5,73.58,6.6,10.1
5c1dp2,95,2,48.64,18.3,24.0
5ciw72,61,6,94.96,2.5,9.5
5ckyug,34,2,71.14,7.6,13.3
5cpz0k,17,1,62.68,8.7,17.5
5egzb4,162,8,59.33,10.0,13.0
5eqavm,31,4,88.94,2.8,4.3
5esp73,62,4,64.2,8.2,18.3
5evio5,92,5,78.18,6.9,11.9
5f0tug,352,63,-10.36,16.1,44.5
5f3fwg,110,7,72.46,7.1,13.7
5g3rvc,17,1,88.06,5.2,10.9
5g6viv,34,3,76.93,5.3,9.4
5g7m1z,17,2,71.31,5.4,6.7
5gb8uw,82,5,88.67,5.0,8.8
5gchx2,87,8,77.33,5.2,8.8
5gewuy,45,4,93.85,3.0,6.0
5gfacz,35,2,70.63,7.8,14.2
5giohb,127,7,86.94,5.6,7.8
5h4x1t,40,4,78.25,4.8,8.7
5h7vgu,37,1,59.3,14.2,18.1
5hksha,36,2,70.13,8.0,9.6
5hojpj,24,2,59.3,8.0,13.0
5hwsiu,45,7,14.22,12.9,25.3
5i9yhf,102,8,50.02,9.5,20.5
5icy8k,33,4,88.43,3.0,6.1
5igiwk,18,3,90.77,2.1,10.9
5iiult,15,2,89.24,2.7,10.6
5ixah2,247,15,88.57,5.0,7.9
5j5k0p,20,3,73.13,4.7,8.5
5j76vd,20,2,95.17,2.5,7.6
5jfhfk,93,4,64.75,10.0,16.8
5k2s6o,16,2,63.36,6.4,11.1
5k4mde,46,3,89.79,4.5,11.1
5k6p4r,184,20,62.14,6.9,15.3
5kd3l7,14,1,74.19,6.4,10.1
5ky2qj,29,3,87.01,3.5,7.0
5l9oqw,53,3,78.89,6.7,11.2
5lc7q8,120,8,90.09,4.4,9.1
5lffr4,74,9,80.07,4.1,9.0
5lhfkv,80,4,68.1,8.7,13.1
5li94w,11,1,68.77,6.4,9.7
5liweb,112,6,77.87,7.0,9.4
5lot8n,14,2,13.61,13.1,29.2
5lrb3w,172,12,56.96,8.9,18.4
5lrnix,16,1,63.7,8.4,17.2
5m0q1z,18,3,90.77,2.1,9.3
5mcvvb,12,2,90.77,2.1,3.1
5moozf,73,6,84.47,4.5,7.9
5n20of,17,2,79.77,4.2,17.7
5n3dgq,66,4,71.65,7.4,9.6
5n7bbk,59,4,73.37,6.7,8.8
5n7mw3,231,11,84.0,6.8,10.1
5ng8qj,28,2,57.27,8.8,13.2
5ngate,38,2,60.65,9.5,16.2
5nj827,163,7,73.21,8.8,14.0
5nmct8,29,3,61.63,7.1,19.0
5o0fkz,36,2,27.83,13.9,43.8
5o0t8u,42,3,82.65,5.2,10.3
5ocuax,108,5,66.47,9.4,14.5
5oe23e,136,8,88.06,5.2,8.8
5opekg,98,5,68.5,8.6,15.2
5ou0t7,71,5,90.9,4.1,7.8
5oyf0i,26,2,75.2,6.0,12.1
5p1fcn,210,7,66.41,11.5,17.6
5p7jq4,16,1,80.62,6.0,7.8
5pfbym,73,3,80.65,8.0,12.7
5pflfn,100,5,59.64,9.9,15.1
5pg8ot,45,3,73.17,6.8,9.0
5pnbot,30,1,57.95,12.6,21.8
5qj9j2,15,2,72.32,5.0,10.0
5qjow7,66,7,87.31,3.4,8.3
5qohtc,16,1,72.16,7.2,12.2
5r0kft,111,6,78.08,7.0,9.9
5r20pd,148,5,66.81,11.3,15.3
5r2xtw,124,7,70.43,7.8,11.9
5r4pix,9,1,87.72,3.3,5.6
5r8dhq,116,4,67.42,11.1,18.2
5rweqx,21,3,81.29,3.7,10.3
5rx13x,15,1,98.55,3.2,7.1
5s1ulx,16,3,32.26,10.1,20.7
5s7kkh,17,2,79.77,4.2,6.7
5shhrs,78,4,77.06,7.4,10.3
5si0dn,177,8,82.88,7.2,10.8
5t3eiq,93,6,89.58,4.6,9.8
5t60zg,75,7,85.99,3.9,10.8
5t8lm4,11,1,77.23,5.2,10.6
5tdimf,23,1,56.59,11.1,29.6
5tefrq,124,7,87.35,5.5,10.5
5tkn4l,73,7,94.76,2.6,3.3
5u09pt,54,3,78.59,6.8,10.2
5ugx2g,36,3,50.84,9.2,13.6
5ujjn9,43,4,77.43,5.1,8.2
5up78c,51,4,75.4,5.9,10.8
5uqbu7,87,3,67.42,11.1,15.1
5urr0b,36,3,59.3,8.0,13.7
5ut6ci,126,7,87.05,5.6,9.3
5ute9k,34,3,85.39,4.2,8.6
5uugfb,72,8,79.26,4.4,9.6
5uw8su,32,3,77.53,5.1,5.7
5uz6i3,3,1,93.81,0.9,16.2
5v38hx,23,1,65.05,9.9,15.9
5v9nrl,22,2,94.15,2.9,4.4
5viby0,70,5,91.11,4.0,8.7
5vp6dp,37,5,72.42,5.0,11.4
5vvz8z,14,2,81.29,3.7,11.7
5w9o52,71,2,52.36,14.8,29.9
5x2did,78,4,77.06,7.4,12.3
5x3g59,17,1,54.22,9.9,14.8
5x4z4u,138,13,86.1,3.9,8.2
5x7kym,26,2,83.66,4.8,5.9
5xpmwf,107,4,61.19,11.4,22.6
5xqkk8,49,1,47.12,18.9,25.8
5y8x5p,34,2,71.14,7.6,9.3
5y950s,88,6,81.93,5.5,8.4
5yop17,92,4,56.59,11.1,15.6
5yr6xf,40,4,78.25,4.8,8.4
5yyaqo,44,1,52.2,16.9,23.8
5yz8is,75,6,67.25,7.0,9.1
5zcgey,15,2,89.24,2.7,5.3
5zd25b,37,1,59.3,14.2,20.2
5zjeho,45,2,74.02,8.5,16.0
5zo7g7,15,1,64.71,8.0,12.1
604m76,12,2,14.63,12.7,21.6
60t6ka,20,1,68.1,8.7,13.8
60u4ks,12,2,90.77,2.1,9.8
611wmu,101,4,71.18,9.6,12.3
61ddms,40,3,66.44,7.3,15.8
61hc4d,142,4,60.82,13.6,18.1
61hrdm,149,8,86.44,5.8,9.2
61o3ro,59,3,85.32,6.3,10.7
61qdwp,22,2,111.07,0.5,1.6
61rrgw,23,2,51.34,9.0,12.8
61sx89,11,1,68.77,6.4,12.3
61v7mp,88,4,66.07,9.5,14.3
61wh91,12,1,59.3,8.0,19.5
620j0f,43,2,58.11,10.5,16.3
620s37,50,3,79.9,6.3,9.5
62ax05,49,4,67.45,6.9,10.6
62edw6,26,1,53.55,12.3,20.7
62mpft,69,6,68.26,6.6,8.5
62yk1k,135,13,86.3,3.8,6.2
63a5d3,65,3,74.83,8.2,13.8
63a67z,31,3,69.48,6.1,10.6
63iaaz,14,1,91.11,4.0,4.7
63mpcd,37,4,78.96,4.6,9.3
63wd61,102,6,88.06,5.2,8.9
64e333,57,6,61.83,7.0,17.5
64eewb,97,6,80.41,6.1,8.6
64egtu,38,1,49.83,15.8,22.3
64yude,41,2,67.59,8.9,12.8
651iuj,25,3,46.13,8.9,20.6
65ks0o,34,2,71.14,7.6,11.6
65ngpz,20,2,86.71,3.7,5.0
65qos3,28,2,82.65,5.2,11.0
65u25o,132,5,44.68,13.6,35.9
6672n7,51,4,92.32,3.6,6.4
66irxf,30,1,32.57,16.2,36.4
66rge2,154,12,75.4,5.9,13.0
670yjv,260,9,67.52,11.0,16.1
6726sv,108,7,72.76,6.9,19.8
67386v,19,2,70.29,5.8,6.1
6763xv,24,3,105.66,0.5,2.6
678sbh,29,1,67.42,11.1,15.6
67b2an,51,3,88.06,5.2,9.3
67bs7h,63,3,75.54,7.9,12.2
67camn,27,2,83.15,5.0,6.4
67hzco,10,1,44.41,9.6,14.7
67jil9,58,4,90.6,4.2,8.9
67lb1x,27,4,73.03,4.8,15.8
67m4ui,40,3,83.36,4.9,6.3
67xcm0,53,3,61.97,9.0,10.0
685ayy,22,1,74.53,8.3,12.5
687vl2,56,4,57.27,8.8,22.8
6887be,20,2,78.25,4.8,9.2
68fu93,22,2,68.77,6.4,7.9
68h55y,100,5,76.56,7.6,8.3
68n8lc,83,4,58.82,10.2,14.3
68sg3a,13,2,47.96,8.2,20.6
696t6q,24,3,71.82,5.2,11.2
696ybx,32,2,80.62,6.0,13.4
69a8pm,28,2,99.57,2.9,5.9
69dzoh,85,3,59.67,12.0,20.9
69r3ti,51,8,73.44,4.6,13.1
69ru8z,117,7,88.36,5.1,8.7
69x4ks,107,8,83.25,5.0,10.0
6a3vpz,23,3,89.04,2.8,11.5
6a45ma,21,3,98.21,1.3,5.6
6aabqi,36,4,70.8,5.6,7.3
6aam1g,6,1,56.93,6.8,8.3
6awsnu,507,24,75.44,8.0,11.7
6b3k3k,79,4,68.3,8.7,12.0
6b6pnr,35,2,87.55,5.4,5.1
6bcxgg,82,6,74.49,6.3,7.7
6bhihv,165,4,54.94,15.9,27.2
6bhn5f,52,3,70.84,7.7,14.9
6c2xyp,34,3,76.93,5.3,10.1
6cdkuw,17,1,71.14,7.6,11.2
6cjeoj,27,3,104.64,0.9,6.3
6cos1x,13,3,75.57,3.8,7.9
6d1wbr,42,3,65.73,7.6,13.3
6d6rgp,49,4,92.83,3.4,7.1
6d8hf9,24,2,76.22,5.6,8.9
6d98h9,36,5,89.55,2.6,4.3
6d9i95,46,1,41.71,18.9,27.1
6dqnj2,25,4,48.16,8.1,13.9
6dr83h,135,8,79.7,6.3,10.0
6dsy6u,12,1,50.84,9.2,12.5
6dxk2h,40,3,74.9,6.1,9.6
6e9foj,169,4,37.0,18.6,28.0
6ec8a3,128,8,89.08,4.8,7.8
6eef22,95,5,69.11,8.3,10.9
6ego34,26,2,75.2,6.0,8.4
6f0kmd,53,3,61.97,9.0,9.7
6f0ljc,115,6,60.45,9.6,13.4
6f0mbl,88,5,78.99,6.6,12.2
6f1qcn,21,2,86.2,3.8,8.5
6f49ni,113,6,86.23,5.9,10.7
6fet8g,37,4,70.5,5.7,9.9
6fpgpv,25,3,96.89,1.8,5.3
6fqt3k,172,13,83.46,4.9,8.8
6fwi1f,40,4,44.41,9.6,17.2
6gjc9z,18,2,87.72,3.3,6.3
6h6amn,56,3,69.41,8.2,15.2
6he3c3,27,1,60.99,11.5,23.1
6het1f,39,4,95.37,2.4,4.9
6hjzsy,89,4,74.22,8.4,14.4
6hnvhk,95,4,47.32,12.6,19.6
6hr42h,60,6,86.71,3.7,6.2
6hrlxz,48,3,72.16,7.2,10.3
6htpc3,52,3,62.38,8.9,14.2
6i08fh,9,1,87.72,3.3,5.6
6i0uys,44,4,94.15,2.9,5.6
6i8ncu,106,5,58.42,10.4,16.3
6iawjc,22,3,72.53,5.0,7.7
6iedp7,333,15,57.4,10.8,23.6
6iha8a,17,2,62.85,6.6,10.2
6ii30j,71,3,55.88,11.4,19.4
6il2ts,32,3,60.61,7.5,12.4
6im53i,82,6,74.49,6.3,8.6
6iv38b,53,4,83.36,4.9,7.4
6iv8pj,71,5,65.52,7.6,12.5
6j3wq5,47,4,76.42,5.5,10.4
6j71ui,42,3,99.57,2.9,7.2
6jbo0z,370,12,65.59,11.8,15.0
6jkhj0,143,7,76.15,7.7,12.3
6jnhoe,19,1,77.57,7.2,15.6
6joyry,108,4,77.91,9.1,13.5
6jrqs4,15,2,97.7,1.5,6.8
6jvnsw,32,2,80.62,6.0,10.0
6k1nho,171,11,81.12,5.8,12.2
6k9rid,25,2,58.79,8.2,11.4
6kapt6,332,13,70.97,9.7,14.5
6ke3qz,95,3,64.68,12.1,21.1
6kfgg0,17,2,79.77,4.2,6.9
6kgun0,40,4,95.17,2.5,6.1
6klx1i,19,2,36.45,10.5,19.0
6ksucc,43,3,82.34,5.3,9.7
6kub28,53,2,61.5,11.3,19.3
6l4mfi,8,2,92.8,1.3,5.9
6l5d0v,10,1,44.41,9.6,9.5
6l7gdc,74,4,78.08,7.0,12.3
6ld724,19,2,70.29,5.8,14.8
6lup11,18,2,96.18,2.1,2.9
6m2vhy,42,3,74.19,6.4,11.5
6m3zd1,26,3,96.48,2.0,6.1
6m4eid,39,3,75.2,6.0,12.0
6m5rgw,41,4,86.4,3.8,9.6
6m9g62,10,1,35.95,10.7,16.1
6mfzvg,57,4,73.88,6.5,7.7
6mk3bn,81,4,67.79,8.8,14.3
6mp1y6,52,4,75.2,6.0,9.6
6mpudd,20,3,81.59,3.5,11.6
6mrmbc,47,4,67.96,6.7,14.1
6myh47,36,3,93.14,3.3,4.6
6n2j5i,45,3,81.63,5.6,8.3
6n6szj,58,5,59.7,7.8,10.7
6nhsgl,31,3,69.48,6.1,11.1
6nu7az,15,1,64.71,8.0,10.6
6o9gpg,113,5,65.46,9.7,13.9
6o9mw4,100,6,71.44,7.4,11.1
6os9ab,63,4,72.36,7.1,12.4
6otiiv,44,3,90.39,4.3,9.0
6ow26j,59,5,59.5,7.9,16.4
6oww5a,67,6,85.49,4.1,6.6
6p9pym,21,2,77.74,5.0,10.3
6paf21,23,2,93.64,3.1,5.2
6pcwhc,10,2,91.78,1.7,5.6
6pdius,76,5,81.43,5.7,7.0
6pw8hw,56,3,69.41,8.2,11.8
6qb16d,61,3,67.79,8.8,10.8
6qf4or,36,2,27.83,13.9,35.6
6qfkk3,239,8,66.51,11.4,15.6
6qigw4,16,2,88.74,2.9,6.4
6qjb3w,15,2,72.32,5.0,7.1
6qm2mz,66,4,80.11,6.2,12.4
6qm82p,88,7,100.99,2.3,4.2
k3hdk,27,4,56.11,7.1,11.1
k4kuv,36,2,87.05,5.6,8.4
khhwb,59,6,78.45,4.8,9.7
kjzsb,76,5,72.97,6.9,9.9
kmi03,56,3,69.41,8.2,14.7
kn2w2,5,1,83.32,2.9,10.3
koqgd,70,5,74.19,6.4,8.7
lg5us,20,2,69.79,6.0,11.6
lmn22,26,2,66.74,7.2,15.5
lnjqc,42,3,57.27,8.8,17.9
lr6cs,37,3,75.91,5.7,9.9
m1dsx,53,3,70.43,7.8,10.2
m1qkf,45,3,81.63,5.6,8.2
m2uws,179,14,92.32,3.6,6.0
m3n2r,27,2,83.15,5.0,13.1
m88wk,34,3,60.01,7.7,10.3
mcm4h,70,7,86.71,3.7,7.4
myqod,70,4,53.71,10.1,15.7
mzl0p,28,2,91.11,4.0,5.8
mzlub,52,5,77.84,5.0,9.1
mzyse,32,3,52.15,8.6,15.1
nh0d4,18,2,79.26,4.4,10.5
nmo80,61,3,76.25,7.7,11.6
npvo8,35,3,76.52,5.5,7.7
ns2lq,97,7,91.21,4.0,5.3
nujoc,49,2,80.45,8.1,10.4
nyhhk,77,4,85.73,6.1,9.8
o0m65,66,4,80.11,6.2,9.4
o7mpk,45,3,73.17,6.8,13.0
obn7w,70,4,79.09,6.6,11.9
otpgj,45,2,65.56,9.7,22.2
p2pr9,125,3,62.99,14.8,23.3
p33th,54,4,74.69,6.2,10.3
pbozy,49,7,81.29,3.7,13.4
pj62v,17,2,96.69,1.9,6.1
pml7j,30,2,73.17,6.8,11.8
poc3m,12,1,59.3,8.0,15.2
px36c,60,5,76.22,5.6,10.8
pxi4j,174,5,19.23,19.2,32.2
qau8l,21,2,69.28,6.2,11.4
qhiaw,44,1,60.66,15.7,22.7
qkxfd,54,5,94.35,2.8,6.6
qldpn,42,2,84.0,6.8,10.3
qxlej,21,2,52.36,8.6,16.6
r3lfn,97,7,82.75,5.2,7.4
r5osy,37,2,95.0,4.6,5.6
r9z6l,29,2,73.68,6.6,8.9
relng,37,2,61.16,9.3,17.6
rgcd7,55,3,86.74,5.7,8.6
s3988,15,1,64.71,8.0,9.0
s6iwc,25,2,84.17,4.6,8.7
s7115,24,2,93.14,3.3,6.4
s9eos,290,18,72.05,7.2,13.9
s9hy8,20,3,90.05,2.4,6.9
sdrne,30,2,56.25,9.1,16.4
shqac,94,6,72.46,7.1,10.7
siyq3,41,2,67.59,8.9,12.8
sjygc,65,4,71.85,7.3,11.3
sl6u8,36,2,70.13,8.0,19.4
slgmb,47,3,89.38,4.7,6.8
ssbtx,30,3,69.79,6.0,9.3
ssuhu,71,6,76.42,5.5,11.2
stvol,62,3,75.84,7.8,12.6
tdi70,139,7,68.2,8.7,17.5
tn435,36,2,61.67,9.1,15.3
to7uf,53,4,66.44,7.3,15.1
u90in,109,4,77.61,9.2,14.7
uarri,35,3,76.52,5.5,7.8
ug3wu,75,7,94.45,2.7,6.2
upasm,25,3,63.05,6.5,9.1
uwtke,47,5,87.31,3.4,8.2
uxmw7,42,3,65.73,7.6,12.9
uxwn6,11,1,60.31,7.6,19.2
uxyaz,34,3,76.93,5.3,7.9
v0uav,5,1,66.4,5.2,13.1
v830o,42,2,67.08,9.1,13.3
vcvm7,12,1,59.3,8.0,14.0
vh40m,34,5,22.27,11.8,22.9
vlpwc,106,5,83.8,6.8,11.4
vmlme,25,3,79.97,4.2,7.4
vqei9,56,3,77.87,7.0,11.8
vrzvt,137,11,92.63,3.4,5.2
vtirh,19,1,69.11,8.3,17.3
vwvhv,49,3,88.77,4.9,7.9
vy3qn,124,6,58.92,10.2,15.3
w5qui,114,10,59.9,7.7,14.5
w8pdm,135,9,81.63,5.6,9.3
wciof,90,10,3.12,15.1,37.3
wd8kj,90,4,65.56,9.7,15.7
wpzm0,61,3,50.87,11.2,18.2
wx4ra,91,17,15.23,12.5,33.7
wych2,51,4,83.86,4.7,12.5
x3ct1,57,6,87.21,3.5,7.1
xc5ga,29,1,75.88,9.9,23.4
xcth2,57,4,82.34,5.3,8.1
xh69q,126,8,80.82,5.9,10.3
xhhlo,64,5,66.94,7.1,26.4
xhpp6,59,4,64.91,7.9,15.2
xwrru,156,12,83.66,4.8,7.3
xxjuo,99,7,40.24,11.1,23.1
xza75,7,1,89.75,2.5,4.3
y1nlh,31,1,56.93,13.0,22.3
ya83z,27,3,87.72,3.3,7.3
yfxfr,42,3,74.19,6.4,10.8
yhypg,22,1,57.61,10.7,15.5
yuzcs,88,8,85.69,4.0,6.9
z2yg2,26,3,104.94,0.8,2.3
z8y80,20,2,52.87,8.4,16.1
zcdnl,125,6,67.28,9.0,12.4
zd5vl,10,1,69.79,6.0,9.5
zdn33,58,4,73.68,6.6,9.1
zdz25,27,2,91.61,3.8,7.8
zme1s,25,2,50.33,9.3,14.8
zrq2e,10,1,44.41,9.6,16.1
zugcq,17,2,71.31,5.4,8.9
